#,DOI,Publication_Year ,Journal_Name,Inclusion_Exclusion,Covidence_ID,Study_Title,Authors,Study_Country,Country_Class,Region,Study_Type,Corruption_Type,Corruption_Scenarios,Corruption_Scenarios2,Corruption_Scenarios3,Corruption_Scenarios4,Corruption_Scenarios5,Settings,Settings_Class,Target_Population,Public_Sector_Actors ,Private_Sector_Actors,General_Public,Students ,Demographic_Group,Target_Population_Other,Data_Source,Data_Type,Data_Collection_Methods,Data_Collection_Methods2,Data_Collection_Methods3,Data_Collection_Methods4,Techniques_Class,Data_Analysis_Techniques,Data_Analysis_Techniques2,Data_Analysis_Techniques3,Methodological_Approach,Quality_Appraisal_Total_Score
1,10.1111/ajsp.12402,2020,Asian Journal of Social Psychology,Included,5141,influence of individual values on attitudes toward corruption what undermine formal anticorruption effectiveness,"Tu, Wenyan; Yang, Jianguo; Zheng, Yang",china,Asia,East Asia,Empirical ,Not Mentioned,Not mentioned ,,,,,Public sector,Public Sector,"Besides being civil servants in the public sector, the respondents in our sample were also part-time students in the Master of Public Administration (MPA) programmes. These MPA students were full-time civil servants and only attended classes on weekends during a period of time, which makes them no different from common civil servants.",Civil servants ,,,University students ,,,Primary data ,Survey data,Surveys,,,,Surveys,Regression Analysis,,,Quantitative,High Quality
2,10.1007/s11205-016-1366-6,2017,Social Indicators Research,Included,5142,mapping colombian citizens views regardingordinary corruption threat bribery and the illicitsharing of confidential information,"López López, Wilson; Bocarejo, María Alejandra Roa; Peralta, Diana Roa; Pineda Marín, Claudia; Mullet, Etienne",colombia,The Americas,South America,Empirical ,Everyday Corruption,Bribery,Nepotism,,,,Not mentioned,Not Classified,Individuals,,,Citizens ,,,,Primary data ,Qualitative data,Vignettes,,,,Vignettes,Cluster Analysis,,,Mixed-approach,High Quality
3,10.1080/23812346.2017.1342897,2022,Journal of Chinese Governance,Included,5143,corruption tolerance and its influencing factorsthe case of chinas civil servants,"Guo, Xiajuan; Tu, Wenyan",china,Asia,East Asia,Empirical ,Not Mentioned,Bribery,,,,,Not mentioned,Not Classified,Civil servants,Civil servants ,,,,,,Primary data ,Survey data,Surveys,,,,Surveys,Descriptive Statistics,Regression Analysis,,Quantitative,High Quality
4,10.1177/1866802x1500700204,2015,Journal of Politics in Latin America,Included,5144,lowlevel corruption tolerance an actionbased approach for peru and latin america,"Alvarez, Joseph Pozsgai",latin america,The Americas,Latin America,Empirical ,Petty Corruption,Bribery,,,,,Daily-life scenario,Real-World Setting,Citizens,,,Citizens ,,,,Secondary data ,Observational,Surveys,,,,Surveys,Ordered Logistic Regression Analysis,,,Quantitative,High Quality
5,10.1007/s40888-017-0056-4,2017,Economia Politica,Included,5145,individual and institutional determinants of corruption in the eu countries the problem of its tolerance,"Hunady, Jan",eu countries,Europe,EU Countries,Empirical ,Not Mentioned,Bribery,,,,,Not mentioned,Not Classified,Citizens,,,Citizens ,,,,Secondary data ,Eurobarometer data and World Bank,Surveys,,,,Surveys,Regression Analysis,,,Quantitative,High Quality
6,10.1111/jora.12729,2019,Journal of Research on Adolescence,Included,5146,the influence of sociocultural beliefs on adolescents moral and tolerance evaluations toward corruption,"Martínez, Cristhian A.; Posada, Roberto",colombia,The Americas,South America,Empirical ,Petty Corruption,Bribery,Nepotism,,,,Two public and two private schools and universities in Bogota Colombia.,Educational Setting,"Adolescents (early, mid, and late adolescence)",,,,,Adolescents ,,Primary data ,Behavioral data,Interviews,"Transgression vignette (i.e., either bribery or nepotism), in a baseline condition, followed by the three experimental conditions (illegality, institutional illegitimacy, and survival).",,,"Interviews, Vignettes",Descriptive Statistics,Regression Analysis,,Quantitative,High Quality
7,10.1007/s11205-012-0071-3,2013,Social Indicators Research,Included,5147,indicators and implications of zero tolerance of corruption the case of hong kong,"Gong, Ting; Wang, Shiru",hong kong,Asia,East Asia,Empirical ,Not Mentioned,Not mentioned ,,,,,Educational setting,Educational Setting,University students,,,,University students ,,,Primary data ,Quantitative data,Surveys,,,,Surveys,Regression Analysis,,,Quantitative,High Quality
8,10.1016/j.jpubeco.2009.03.004,2009,Journal of Public Economics,Included,5148,propensities to engage in and punish corrupt behavior experimental evidence from australia india indonesia and singapore,"Cameron, Lisa; Chaudhuri, Ananish; Erkal, Nisvan; Gangadharan, Lata",australia india indonesia and singapore,"Oceania, Asia",Southeast Asia,Empirical ,Not Mentioned,Bribery,,,,,Experimental Lab,Educational Setting,Third year undergraduate or postgraduate students,,,,University students ,,,Primary data ,Experimental Data,Surveys,Experiments,,,"Experiments, Surveys",Multivariate Analysis,,,Quantitative,High Quality
9,10.1080/15387216.2019.1667844,2017,Eurasian Geography and Economics,Included,5149,the effects of anticorruption videos on attitudes toward corruption in a ukrainian online survey,"Denisova-Schmidt, Elena; Huber, Martin; Prytula, Yaroslav",ukraine,Europe,Eastern Europe,Empirical ,Everyday Corruption,Bribery,,,,,University,Educational Setting,Students,,,,University students ,,,Primary data ,Training and test data,Surveys,Experiments,,,"Experiments, Surveys",Descriptive Statistics,Regression Analysis,,Quantitative,High Quality
10,10.1080/10999922.2024.2353710,2024,Public Integrity,Included,5150,type of primary school attended influences bribegiving intentions,"Mengzhen, Lim; Van Oosten, Sanne; Wan Jaafar, Wan Munira",malaysia,Asia,Southeast Asia,Empirical ,Not Mentioned,Bribery,,,,,Primary and secondary schools,Educational Setting,Young adults between 18 and 30 years old.,,,,,Young adutlts ,,Primary data ,Survey data,Surveys,,,,Surveys,Comparative Analysis,,,Qualitative,Low Quality
11,10.47743/ejes-2024-0102,2024,Eastern Journal of European Studies,Included,5151,prisoner in the cage of history its influence in understanding the current tolerance of bribery in romania,"Plopeanu, Aurelian-Petruș; Homocianu, Daniel",romania,Europe,Eastern Europe,Empirical ,Not Mentioned,Bribery,,,,,Former Communist context,Real-World Setting,Romanians,,,Citizens ,,,,Secondary data ,European and World Values Survey data,Surveys,,,,Surveys,Regression Analysis,,,Quantitative,Low Quality
12,10.1371/journal.pone.0303558,2024,PLOS ONE,Excluded,5152,tolerance for corruption and descriptive social norm an experimental study of embezzlement,"Tian, Sen; Zhao, Liangfo",china,Asia,East Asia,Empirical ,Not clear ,Embezzlement,,,,,Experimental lab,Educational Setting,Undergraduate students,,,,University students ,,,Primary data ,Experimental data,Experiments (Information Ultimatum Game),,,,Experiments,Descriptive Statistics,Regression Analysis,,Quantitative,High Quality
13,10.1287/orsc.2021.15264,2024,Organization Science,Included,5155,bribery in the workplace a field experiment on the threat of making group behavior visible,"Dakhlallah, Diana",morocco,Africa,North Africa,Empirical ,Not Mentioned,Bribery,,,,,Public hospitals / Workplace,Public Sector,Healthcare workers of public hospitals,Civil servants ,,,,,,Primary data ,Qualitative and quantitative data,Surveys,Interviews,,,"Surveys, Interviews",Qualitative Analysis,Difference-in-differences (DD) linear regression model,,Quantitative,Low Quality
14,10.1108/ijssp-11-2023-0286,2024,International Journal of Sociology and Social Policy,Included,5156,motives underlying the intentions of youth to get involved in bribery evidence from lithuania,"Morkūnas, Mangirdas; Janavicius, Julius; Volkov, Artiom",lithuania,Europe,Baltic States,Empirical ,Not Mentioned,Bribery,,,,,Public sector services,Public Sector,Lithuanian youth,,,,,Youth ,,Primary data ,Survey data,Surveys,,,,Surveys,Regression Analysis,,,Quantitative,High Quality
15,10.1073/pnas.2209731120,2023,Proceedings of the National Academy of Sciences,Included,5163,conditional bribery insights from incentivized experiments across 18 nations,"Dorrough, Angela Rachael; Köbis, Nils; Irlenbusch, Bernd; Shalvi, Shaul; Glöckner, Andreas",russia netherlands japan australia canada singapore united kingdom united states france south korea brazil hong kong italy south africa india turkey argentina china,"Asia, Europe, The Americas, Africa, Oceania","East Asia, Western Europe, South America, Sub-Saharan Africa",Empirical ,Not Mentioned,Bribery,,,,,Not mentioned,Not Classified,Nations,Civil servants ,,Citizens ,,,,Primary data ,Experimental data,Experiments (Bribery game),,,,Experiments,Not mentioned ,,,Quantitative,Medium Quality
16,10.1007/s12144-023-04486-4,2024,Current Psychology,Included,5164,role of guanxi interpersonal relationship in bribetaking behaviors evidence from china,"Niu, Bingyu; Li, Ye; Ding, Xianfeng; Fan, Zhao; Zhou, Bingping; Cheng, Xiaorong",china,Asia,East Asia,Empirical ,Not Mentioned,Bribery,,,,,Not mentioned,Not Classified,"non-government officials (consisting of college students, merchants, 
teachers, and service staff) and government officials",Civil servants ,,,College students ,,,Primary data ,Experimental data,Experiments,,,,Experiments,Regression Analysis,,,Quantitative,High Quality
17,10.1016/j.ejpoleco.2022.102233,2023,European Journal of Political Economy,Included,5165,letting third parties who suffer from petty corruption talk evidence from a collusive bribery experiment,"Levati, M. Vittoria; Nardi, Chiara",italy,Europe,Southern Europe,Empirical ,Petty Corruption,Bribery,,,,,Experimental setting,Educational Setting,Undergraduate students,,,,University students ,,,Primary data ,Experimental data,Experiments,,,,Experiments,Descriptive Statistics,Regression Analysis,,Quantitative,High Quality
18,10.1080/10999922.2023.2176054,2024,Public Integrity,Included,5166,exploring the attitudes of kuwaits residents toward the role of corruption and anticorruption entities nazaha in kuwait,"Alhaimer, Rashed",kuwait,Asia,Middle East,Empirical ,Not Mentioned,Bribery,Nepotism,,,,Public sector,Public Sector,Citizens,,,Citizens ,,,,Primary data ,Survey data,Surveys,,,,Surveys,Descriptive Statistics,,,Quantitative,Medium Quality
19,10.1016/j.bandc.2023.105951,2023,Brain and Cognition,Included,5167,neural correlates of bribetaking decision dilemma an fnirs study,"Niu, Bingyu; Li, Ye; Ding, Xianfeng; Shi, Congrong; Zhou, Bingping; Gong, Jian",na,N/A,N/A,Empirical ,Everyday Corruption,Bribery,,,,,Experimental setting,Educational Setting,"All participants were right-handed, with normal or corrected-to-normal vision, and had no neurological or psychiatric history.",,,,,,Other,Primary data ,Experimental data,Experiments (bribe-taking decision game) ,functional near-infrared imaging (fNIRS) technology ,,,"Experiments, Other",Regression Analysis,,,Quantitative,High Quality
20,10.1111/dpr.12673,2023,Development Policy Review,Included,5168,what do future civil servants think of bribery and corruption evidence from india,"Verma, Rajiv; Gupta, Saurabh; Birner, Regina",india,Asia,South Asia,Empirical ,Public Sector Corruption,Bribery,,,,,Experimental settings,Educational Setting,Hypothetical civil servants,Civil servants ,,,,,,Primary data ,Experimental data and interview data,Experiments (Bribery Game),Focus group discussions ,,,"Experiments, Focus Group Discussions",Not mentioned ,,,Quantitative,High Quality
21,10.1017/dap.2023.19,2023,Data & Policy,Included,5169,petty bribery pluralistic ignorance and the collective action problem,"Hoffmann, Leena K.; Patel, Raj N.",nigeria,Africa,Sub-Saharan Africa,Empirical ,Petty Corruption,Bribery,,,,,Not clear,Not Classified,Household,,,,,,,Secondary data ,"Chatham House Africa Programme‚Äö√Ñ√¥s Local Understandings, Expectations, and Experiences survey data",Surveys,,,,Surveys,Descriptive Statistics,,,Quantitative,Low Quality
22,10.1080/10999922.2022.2144017,2024,Public Integrity,Included,5170,curbing bribegiving in malaysia the role of attitudes and parents,"Mengzhen, Lim; Sin, Yongchy; Wan Jaafar, Wan Munira; Mohd Khir, Azlina; Hamsan, Hanina H.; Yong, Min Hooi; Wu, Shin Ling; Ooi, Pei Boon; Ong, Derek Lai Teik; Ong, Chu Sun",malaysia,Asia,Southeast Asia,Empirical ,Not Mentioned,Bribery,,,,,Not mentioned,Not Classified,Malaysian young adults,,,,,Young adutlts ,,Primary data ,Survey data,Surveys,,,,Surveys,Regression Analysis,,,Quantitative,High Quality
23,10.1177/15270025221134239,2023,Journal of Sports Economics,Included,5171,corruption and selfsabotage in sporting competitions an experimental approach to matchfixing behavior and the influence of deterrence factors,"Giel, Thomas; Dallmeyer, Sören; Memmert, Daniel; Breuer, Christoph",na,N/A,N/A,Empirical ,Not Mentioned,Bribery,,,,,Experimental Lab,Educational Setting,"The participants were under and postgraduate sport science students and each one could only participate once (i.e., in one session).",,,,University students ,,,Primary data ,Experimental,Experiments (Bribery game),,,,Experiments,Regression Analysis,,,Quantitative,High Quality
24,10.1111/bjso.12582,2020,British Journal of Social Psychology,Included,5173,the dark side of nostalgia yearning for the past fosters bribetaking,"Li, Chao; Dang, Jianning; Liu, Li; Wei, Cong; Liang, Yuan",na,N/A,N/A,Empirical ,Not Mentioned,Bribery,,,,,Experimental setting,Educational Setting,Not mentioned,Not mentioned,Not mentioned,Not mentioned,Not mentioned,Not mentioned,,Primary data ,Experimental data,Experiments,,,,Experiments,Regression Analysis,,,Quantitative,High Quality
25,10.1111/cdev.13814,2022,Child Development,Included,5175,greasing small palms early rejection of bribery,"Reyes‐Jaquez, Bolivar; Koenig, Melissa A.",united states,The Americas,North America,Empirical ,Not Mentioned,Bribery,,,,,Experimental Lab,Educational Setting,"Six- to 10-year-olds (224 children, 118 boys, 106 girls, majority-White)",,,,,Children ,,Primary data ,Experimental data,Experiments,,,,Experiments,Regression Analysis,,,Quantitative,High Quality
26,10.1002/pad.1978,2022,Public Administration and Development,Included,5177,indulgent citizens bribery in mexicos bureaucratic procedures,"Moreno‐Jaimes, Carlos",mexico,The Americas,North America,Empirical ,Petty Corruption,Bribery,,,,,Governmental institutions,Public Sector,Users of government procedures,,,Citizens ,,,,Secondary data ,"Mexico's Encuesta Nacional de Calidad e Impacto Gubernamental (National Survey on Governmental Quality and Impact, NSGQI) data",Surveys,,,,Surveys,Regression Analysis,,,Quantitative,High Quality
27,10.1017/s0007123422000047,2023,British Journal of Political Science,Included,5179,they accept bribes we accept bribery conditional effects of corrupt encounters on the evaluation of public institutions,"Letki, Natalia; Górecki, Maciej A.; Gendźwiłł, Adam",bulgaria croatia czech republic estonia hungary latvia lithuania moldova poland romania serbia slovakia slovenia and ukraine,Europe,Eastern Europe,Empirical ,Petty Corruption,Not mentioned ,,,,,Municipalities,Public Sector,Citizens,,,Citizens ,,,,Primary data ,Survey data,Surveys,,,,Surveys,Descriptive Statistics,Regression Analysis,,Quantitative,Medium Quality
28,10.1007/s11127-022-00959-5,2022,Public Choice,Included,5181,do women always behave as corruption cleaners,"Guerra, Alice; Zhuravleva, Tatyana",italy,Europe,Southern Europe,Empirical ,Not Mentioned,Bribery,,,,,Experimental lab,Educational Setting,Citizens,,,Citizens ,,,,Primary data ,Experimental data,Experiments (Bribery game),,,,Experiments,Descriptive Statistics,Regression Analysis,,Quantitative,High Quality
29,10.1371/journal.pone.0262201,2022,PLOS ONE,Excluded,5183,does moral commitment predict resistance to corruption experimental evidence from a bribery game,"Tanner, Carmen; Linder, Stefan; Sohn, Matthias",na,N/A,N/A,Empirical ,Not Mentioned,Bribery,Embezzlement,,,,Organizations,Private Sector,Students,,,,University students ,,,Primary data ,Experimental data,Experiments,,,,Experiments,Descriptive Statistics,Regression Analysis,,Quantitative,High Quality
30,10.1108/ecam-08-2021-0703,2023,"Engineering, Construction and Architectural Management",Included,5186,a cognitive model for understanding fraudulent behavior in construction industry,"Hu, Huimin; Deng, Xiaopeng; Mahmoudi, Amin",china,Asia,East Asia,Empirical ,Not Mentioned,Fraud,,,,,Construction contexts,Private Sector,Chinese construction practitioners,,Private Sector Professionals ,,,,,Primary data ,Behavioral intention data,Surveys,,,,Surveys,Descriptive Statistics,Regression Analysis,,Quantitative,High Quality
31,10.1007/s11162-021-09669-1,2022,Research in Higher Education,Included,5187,would you bribe your lecturer a quasiexperimental study on burnout and bribery in higher education,"Weißmüller, Kristina S.; De Waele, Lode",germany belgium and the netherlands,Europe,Western Europe,Empirical ,Not Mentioned,Bribery,,,,,"Higher Education settings (public universities). First, bribery among HE institutions in highly industrialized countries remains poorly studied and calls for more empirical exploration. Second, bribery in these countries is typified as illegal and unethical, socially undesirable behavior obstructing empirical research.",Educational Setting,University students,,,,University students ,,,Primary data ,Vignettes data,Vignettes ,Surveys,,,"Surveys, Vignettes",Descriptive Statistics,Regression Analysis,,Quantitative,High Quality
32,10.1007/s10611-021-09995-6,2011,"Crime, Law and Social Change",Included,5188,corruption tolerance as a process of moral social and political cognition evidence from latin america,"Pozsgai-Alvarez, Joseph",latin america,The Americas,Latin America,Empirical ,Petty Corruption,Bribery,,,,,Not mentioned,Not Classified,Individuals,,,Citizens ,,,,Primary data ,Survey Data,Surveys,,,,Surveys,Descriptive Statistics,Regression Analysis,,Quantitative,High Quality
33,10.1080/1331677x.2021.1985571,2022,Economic Research-Ekonomska Istraživanja,Included,5189,it is not ok but it works unproductive entrepreneurship the case of poland,"Wasilczuk, Julita E.; Stankiewicz, Katarzyna",poland,Europe,Eastern Europe,Empirical ,Petty Corruption,Bribery ,"Tax evasion, burdensome lawsuits, often unfounded or lobbying.",,,,"Organizational settings from four sectors: the processing industry, trade, construction, and professional activities.",Private Sector,Polish entrepreneurs,,Private Sector Professionals ,,,,,Primary data ,Interview questionnaire data,Interviews,,,,Interviews ,Descriptive Statistics,Regression Analysis,,Quantitative,High Quality
34,10.1177/0010414020957669,2021,Comparative Political Studies,Included,5190,selfselection into public service when corruption is widespread the anomalous russian case,"Gans-Morse, Jordan; Kalgin, Alexander; Klimenko, Andrei; Vorobyev, Dmitriy; Yakovlev, Andrei",russia,Europe,Russia & Former Soviet States,Empirical ,Not Mentioned,Bribery ,Cheating,,,,"Two research sites, one a top university located in Moscow and the second a major regional university.",Educational Setting,Undergraduate and masters students,,,,University students ,,,Primary data ,Quantitative and experimental data,Surveys,Experiments (Dice Task Game and Bribery Game),,,"Experiments, Surveys",Descriptive Statistics,,,Quantitative,High Quality
35,10.1007/s11133-021-09485-0,2021,Qualitative Sociology,Included,5192,what does a thank you cost informal exchange and the case of brift in contemporary russia,"Listrovaya, Liudmila",russia,Europe,Russia & Former Soviet States,Empirical ,Everyday Corruption,Bribery,,,,,Everyday life,Real-World Setting,Citizens,,,Citizens ,,,,Primary data ,In-depth interview data,Interviews,,,,Interviews ,Content Analysis,,,Quantitative,High Quality
36,10.3389/fpsyg.2021.675319,2021,Frontiers in Psychology,Excluded,5193,when and why contexts predict unethical behavior evidence from a laboratory bribery game,"Wang, Sining; Chen, Tao",china,Asia,East Asia,Empirical ,Not Mentioned,Bribery,,,,,Experimental lab,Educational Setting,Students,,,,University students ,,,Primary data ,Experimental data,Surveys,Experiments (Bribery Game),,,"Experiments, Surveys",Regression Analysis,Exploratory Analysis,,Quantitative,High Quality
37,10.3390/math9131570,2021,Mathematics,Excluded,5194,a robust approach for identifying the major components of the bribery tolerance index,"Homocianu, Daniel; Plopeanu, Aurelian-Petruș; Ianole-Calin, Rodica",105 countries from all continents,All Regions,All Continents,Empirical ,Not Mentioned,Bribery,,,,,Not mentioned,Not Classified,Not mentioned,Not mentioned,Not mentioned,Not mentioned,Not mentioned,Not mentioned,,Secondary data ,World Values Survey (the WVS TimeSeries 1981 2020 data,Surveys,,,,Surveys,Descriptive Statistics,Regression Analysis,Naive Bayes algorithm,Quantitative,Low Quality
38,10.1037/xge0000926,2020,Journal of Experimental Psychology: General,Included,5196,the development of a morality against power abuse the case of bribery,"Reyes-Jaquez, Bolivar; Koenig, Melissa A.",united states,The Americas,North America,Empirical ,Not Mentioned,Bribery,,,,,Experimental Lab,Educational Setting,"Children and Adults 
Sixty-six elementary schoolers and 53 adults
Sixty elementary schoolers and 46 adults
Thirty-seven preschoolers, 37 elementary schoolers and 34 adults",,,,,Children and Adults ,,Primary data ,Experimental data,Experiments,Vignettes,,,"Experiments, Vignettes",Regression Analysis,,,Quantitative,High Quality
39,10.47743/ejes-2021-0105,2021,Eastern Journal of European Studies,Included,5197,analysis of bribery predictors for the student population evidence from romania and moldova,"Plopeanu, Aurelian-Petruș; Homocianu, Daniel",romania and moldova,Europe,Eastern Europe,Empirical ,Not Mentioned,Bribery,,,,,University,Educational Setting,University students in Economics,,,,University students ,,,Primary data ,Survey data,Surveys,,,,Surveys,Regression Analysis,,,Quantitative,High Quality
40,10.1016/j.jebo.2021.03.008,2021,Journal of Economic Behavior & Organization,Included,5199,do bystanders react to bribery,"Guerra, Alice; Zhuravleva, Tatyana",italy,Europe,Southern Europe,Empirical ,Not Mentioned,Bribery,,,,,Experimental lab,Educational Setting,Graduate and undergraduate students,,,,University students ,,,Primary data ,Experimental data,Experiments,,,,Experiments,Regression Analysis,,,Quantitative,High Quality
41,10.1016/j.jbef.2021.100470,2021,Journal of Behavioral and Experimental Finance,Included,5200,collusive vs coercively corrupt tax auditors and their impact on tax compliance,"Mawani, Amin; Trivedi, Viswanath Umashanker",canada,The Americas,North America,Empirical ,Not Mentioned,Bribery,,,,,Experimental settings,Educational Setting,Hypothetical taxpayers (fourth-year undergraduate or first-year graduate studies),,,Citizens ,University students ,,,Primary data ,Experimental data,Experiments,,,,Experiments,Descriptive Statistics,Regression Analysis,,Quantitative,High Quality
42,10.1017/xps.2020.13,2021,Journal of Experimental Political Science,Included,5203,when do voters sanction corrupt politicians,"Klašnja, Marko; Lupu, Noam; Tucker, Joshua A.",argentina chile and uruguay,The Americas,South America,Empirical ,Political Corruption,Bribery,,,,,Experimental lab,Educational Setting,Voters,,,Citizens ,,,,Secondary data ,LAPOP's AmericasBarometer data,Surveys,conjoint candidate choice experiments embedded in nationally representative surveys ,,,"Experiments, Surveys",Regression Analysis,,,Quantitative,Low Quality
43,10.1080/13629395.2019.1620440,2020,Mediterranean Politics,Included,5205,judges bribes and verdicts how court experience reshapes attitudes about judicial corruption among moroccos most marginalized,"Buehler, Matt",morocco,Africa,North Africa,Empirical ,Not Mentioned,Bribery,,,,,Judicial courts,Public Sector,Not mentioned,Not mentioned,Not mentioned,Not mentioned,Not mentioned,Not mentioned,,Primary data ,Survey data,Surveys,,,,Surveys,Not mentioned ,,,Quantitative,High Quality
44,10.1086/708501,2017,The Journal of Politics,Included,5206,the culture of corruption across generations an empirical study of bribery attitudes and behavior,"Simpser, Alberto","Austria, Belgium, Czech Republic, Denmark, Estonia, France, Germany, Greece, Luxembourg, Netherlands, Norway, Poland, Slovakia, Slovenia, Switzerland, United Kingdom",Europe,Western Europe,Empirical ,Not Mentioned,Bribery,,,,,Not clear,Not Classified,respondents born in the country where they were surveyed,,,Citizens ,,,,Secondary data ,European Social Survey Round 2 Data,Surveys,,,,Surveys,Regression Analysis,,,Quantitative,High Quality
45,10.5377/reice.v8i16.10699,2020,REICE: Revista Electrónica de Investigación En Ciencias Económicas,Included,5211,analysis and modeling of corruption among entrepreneurs,"Xiaohu, Zhou; Heydari, Mohammad; Keung Lai, Kin; Yuxi, Zheng",poland,Europe,Eastern Europe,Empirical ,Petty Corruption,Bribery,,,,,Higher Education Institutions,Educational Setting,Graduate students and entrepreneurs,,Private Sector Professionals ,,University students ,,,Primary data ,Not mentioned ,Surveys,Experiments (Corruption game),,,"Experiments, Surveys",Regression Analysis,,,Quantitative,High Quality
46,10.1016/j.jebo.2018.04.004,2020,Journal of Economic Behavior & Organization,Included,5212,effects of institutional history and leniency on collusive corruption and tax evasion,"Buckenmaier, Johannes; Dimant, Eugen; Mittone, Luigi",italy,Europe,Southern Europe,Empirical ,Not Mentioned,Bribery,,,,,Experimental Lab,Educational Setting,Undergraduate students,,,,University students ,,,Secondary data ,Experimental data,Experiments,,,,Experiments,Logistic panel regression,,,Quantitative,High Quality
47,10.1177/0260107919848640,2020,Journal of Interdisciplinary Economics,Included,5213,i gave you more discretionary power in a corruption experiment,"Czap, Hans J.; Czap, Natalia V.",na,N/A,N/A,Empirical ,Not Mentioned,Bribery,,,,,Experimental Lab,Educational Setting,University students,,,,University students ,,,Primary data ,Experimental data,"Experiments (four-player game with two firms, a public official, and a third party/citizen)",,,,Experiments,Regression Analysis,,,Quantitative,High Quality
48,10.1007/s11366-020-09672-w,2023,Journal of Chinese Political Science,Included,5214,corruption experience and public perceptionsof anticorruption crackdowns experimentalevidence from china,"Li, Hui; Meng, Tianguang",china,Asia,East Asia,Empirical ,Petty Corruption,Bribery,,,,,Not mentioned,Not Classified,Not mentioned,Not mentioned,Not mentioned,Not mentioned,Not mentioned,Not mentioned,,Secondary data ,2015 CUGS (China Urban Governance Survey) data,Surveys,,,,Surveys,Regression Analysis,,,Quantitative,High Quality
49,10.1007/s10805-020-09362-5,2020,Journal of Academic Ethics,Included,5216,determinants of students willingness to engage in corruption in an academic setting an empirical study,"Julián, Martín; Bonavia, Tomas",spain,Europe,Southern Europe,Empirical ,Not Mentioned,Embezzlement ,Favouritism,,,,Higher education,Educational Setting,Undergraduate students,,,,University students ,,,Primary data ,Experimental data,Experiments,,,,Experiments,Descriptive Statistics,Regression Analysis,,Quantitative,High Quality
50,10.3390/su12041425,2020,Sustainability,Excluded,5218,nepotism and favouritism in polish and lithuanian organizations the context of organisational microclimate,"Vveinhardt, Jolita; Sroka, Włodzimierz",lithuania and poland,Europe,"Baltic States, Eastern Europe",Empirical ,Public Sector Corruption,Nepotism ,Favouritism,,,,Organizational settings,Private Sector,Employees,Civil servants ,Private Sector Professionals ,,,,,Primary data ,Survey data,Surveys,,,,Surveys,Regression Analysis,,,Quantitative,Medium Quality
51,10.1111/ssqu.12768,2020,Social Science Quarterly,Included,5219,are women more averse to corruption than men the case of south korea,"Lee, Aie‐Rie; Chávez, Kerry",south korea,Asia,East Asia,Empirical ,Not Mentioned,Bribery,,,,,Not clear,Not Classified,Not clear,Not clear ,Not clear ,Not clear ,Not clear ,Not clear ,,Secondary data ,World Values Survey Data,Surveys,,,,Surveys,Descriptive Statistics,Regression Analysis,,Quantitative,High Quality
52,10.1177/1866802x19876462,2019,Journal of Politics in Latin America,Included,5224,who sees corruption the bases of massperceptions of political corruption in latin america,"Canache, Damarys; Cawvey, Matthew; Hayes, Matthew; Mondak, Jeffery J.",latin america,The Americas,Latin America,Empirical ,Petty Corruption,Bribery,,,,,Not mentioned,Not Classified,Citizens,,,Citizens ,,,,Secondary data ,AmericasBarometer survey,Surveys,,,,Surveys,Multi-level Ordinal Regression,,,Quantitative,High Quality
53,10.1177/1043463119853893,2024,Rationality and Society,Included,5226,the influence of prescriptive norms and negative externalities on bribery decisions in the lab,"Senci, Carlos Maximiliano; Hasrun, Hipólito; Moro, Rodrigo; Freidin, Esteban",argentine,The Americas,South America,Empirical ,Not Mentioned,Bribery,,,,,Experimental lab,Educational Setting,Participants in the role of citizens / undergraduate and graduate students,,,Citizens ,University students ,,,Primary data ,Experimental data,Experiments,,,,Experiments,Regression Analysis,,,Quantitative,High Quality
54,10.1177/1057567718799827,2017,International Criminal Justice Review,Included,5227,corruption intentions among prospective elites in ghana an economy of esteem,"Tankebe, Justice; Karstedt, Susanne; Adu-Poku, Sarah",ghana,Africa,Sub-Saharan Africa,Empirical ,Not Mentioned,Bribery ,Nepotism,,,,Educational setting,Educational Setting,University students,,,,University students ,,,Primary data ,Survey data,Surveys,,,,Surveys,Descriptive Statistics,Regression Analysis,,Quantitative,High Quality
55,10.1111/ssqu.12600,2019,Social Science Quarterly,Included,5228,why do people pay bribes a survey experiment with resource users,"Sundström, Aksel",south africa,Africa,Sub-Saharan Africa,Empirical ,Not Mentioned,Bribery,,,,,small-scale fisheries,Real-World Setting,Resource users and enforcement officers,Civil servants ,,Citizens ,,,,Primary data ,Experimental data,Experiments,,,,Experiments,Regression Analysis,,,Quantitative,Medium Quality
56,10.1007/s10611-018-9790-y,2019,"Crime, Law and Social Change",Included,5229,the role of costs benefits and moral judgmentsin privatetoprivate corruption,"Jaakson, Krista; Johannsen, Lars; Pedersen, Karin Hilmer; Vadi, Maaja; Ashyrov, Gaygysyz; Reino, Anne; Sööt, Mari-Liis",denmark and estonia,Europe,Northern Europe,Empirical ,Private Sector Corruption,Bribery,,,,,Organizational settings,Private Sector,business managers,,Private Sector Professionals ,,,,,Primary data ,Survey data,Surveys,,,,Surveys,Descriptive Statistics,Regression Analysis,,Quantitative,High Quality
57,10.3390/socsci8020054,2019,Social Sciences,Excluded,5230,entrepreneurial selfidentity perceived corruptionexogenous and endogenous obstacles as antecedents of entrepreneurial intention in italy,"Ceresia, Francesco; Mendola, Claudio",italy,Europe,Southern Europe,Empirical ,Not Mentioned,Not mentioned ,,,,,Not mentioned,Not Classified,College students and graduates,,,,College students ,,,Primary data ,Questionnaire data,Interviews,Questionnaire,,,"Surveys, Interviews",Descriptive Statistics,Hierarchical Multiple Regression,,Quantitative,High Quality
58,10.1093/sf/soy007,2018,Social Forces,Included,5232,pathways to corruption institutional context andcitizen participation in bureaucratic corruption,"Zaloznaya, Marina; Claypool, Vicki Hesli; Reisinger, William M",russia and ukraine,Europe,"Russia & Former Soviet States, Eastern Europe",Empirical ,Bureaucratic Corruption,Bribery,,,,,Conflict area,Real-World Setting,Citizens,,,Citizens ,,,,Secondary data ,representative national surveys data,Surveys,,,,Surveys,Regression Analysis,,,Quantitative,High Quality
59,10.1016/j.jebo.2018.01.004,2018,Journal of Economic Behavior & Organization,Included,5233,on monetary and nonmonetary interventions to combat corruption,"Banerjee, Ritwik; Mitra, Arnab",india,Asia,South Asia,Empirical ,Everyday Corruption,Bribery,Harassment bribery,,,,Experimental lab,Educational Setting,"Undergraduate students (experiment 1) 
First year MBA students (experiment 2)",,,,University students ,,,Secondary data ,Experimental data,Experiments,,,,Experiments,Regression Analysis,,,Quantitative,High Quality
60,10.1017/prp.2017.24,2018,Journal of Pacific Rim Psychology,Included,5234,the process and characteristics of psychological kidnappingan indigenous model of corruption in china,"Xu, Yan; Jiao, Liying; Xu, Ruijie; Feng, Qiudi; Wang, Fang; Jiang, Jiang; Chen, Changsheng",china,Asia,East Asia,Empirical ,Political Corruption,Bribery,,,,,Governmental organizations,Public Sector,Officials,Civil servants ,,,,,,Secondary data ,Corruption cases,Interviews,Text analysis,,,"Interviews, Content Analysis ",Text Analysis of Coding,,,Qualitative,High Quality
61,10.2308/ajpt-51665,2022,Auditing: A Journal of Practice & Theory,Included,5235,the normalization of deviance a case study on the process underlying the adoption of deviant behavior,"Courtois, Cynthia; Gendron, Yves",canada,The Americas,North America,Empirical ,Not Mentioned,Fraud,,,,,Governmental organizations,Public Sector,"Contractors, municipal employees, and elected officials",Civil servants ,Private Sector Professionals ,,,,,Primary data ,The data used for this article come mainly from the transcriptions of examinations carried out in the Charbonneau Commission.,Content Analysis,,,,Content Analysis ,Qualitative Analysis,,,Qualitative,High Quality
62,10.1177/1056492617692101,2021,Journal of Management Inquiry,Included,5236,the devil made me do it an inquiry into the unconscious devils within of rationalized corruption,"De Klerk, Jeremias J.",south africa,Africa,Sub-Saharan Africa,Conceptual ,Not Mentioned,Fraud,,,,,Not mentioned,Not Classified,Executives and managers,,Private Sector Professionals ,,,,,Secondary data ,Theoretical data,Secondary Data Analysis,,,,Secondary Data Analysis ,Critical Reflection and Argumentation and Theoretical synthesis,,,Qualitative,Low Quality
63,10.1177/0022022116677579,2017,Journal of Cross-Cultural Psychology,Included,5237,values and corruption do postmaterialists justify bribery,"Kravtsova, Maria; Oshchepkov, Aleksey; Welzel, Christian",98 countries,All Regions,All Continents,Empirical ,Not Mentioned,Bribery,,,,,Not clear,Not Classified,Individuals,,,Citizens ,,,,Secondary data ,World Values Survey data,Surveys,,,,Surveys,Descriptive Statistics,Multivariate Analysis,,Quantitative,High Quality
64,10.1002/ijop.12148,2016,International Journal of Psychology,Included,5239,effects of social dominance orientation and rightwing authoritarianism on corrupt intention the role of moral outrage,"Tan, Xuyun; Liu, Li; Zheng, Wenwen; Huang, Zhenwei",china,Asia,East Asia,Empirical ,Not Mentioned,Bribery,,,,,educational institutions,Educational Setting,college students,,,,College students ,,,Primary data ,Not mentioned ,Surveys,,,,Surveys,Descriptive Statistics,Regression Analysis,,Quantitative,Low Quality
65,10.1371/journal.pone.0144542,2015,PLOS ONE,Excluded,5241,corruption and the others scope of superordinate identity matters for corruption permissibility,"Pisor, Anne C.; Gurven, Michael",na,N/A,N/A,Empirical ,Not Mentioned,Bribery,Embezzlement,Nepotism ,Public and private corruption,,Not mentioned,Not Classified,Not mentioned,Not mentioned,Not mentioned,Not mentioned,Not mentioned,Not mentioned,,Secondary data ,World Values Survey and European Values Study (WVS) data,Surveys,,,,Surveys,Logistic Regression,,,Quantitative,High Quality
66,10.1177/1043463115605475,2015,Rationality and Society,Included,5242,changing a culture of corruption evidence from an economic experiment in italy,"Zhang, Nan",italy,Europe,Southern Europe,Empirical ,Not Mentioned,Bribery,,,,,Experimental lab,Educational Setting,northern and southern Italian university students,,,,University students ,,,Primary data ,Experimental data,Experiments (Tipping model/Corruption game),,,,Experiments,Descriptive Statistics,,,Quantitative,High Quality
67,10.1016/j.worlddev.2014.11.017,2015,World Development,Included,5246,aspects of moral change in india 19902006 evidence from public attitudes toward tax evasion and bribery,"Shafiq, M. Najeeb",india,Asia,South Asia,Empirical ,Not clear,Bribery,Tax evasion,,,,Not clear,Not Classified,Men and Women,,,Citizens ,,,,Secondary data ,World Values Surveys (WVS) data,Surveys,,,,Surveys,Descriptive Statistics,Regression Analysis,,Quantitative,High Quality
68,10.1108/ecam-03-2015-0034,2015,"Engineering, Construction and Architectural Management",Included,5247,behavioural factors influencing corrupt action in the australianconstruction industry,"Brown, Jeremy; Loosemore, Martin",australia,Oceania,N/A,Empirical ,Not Mentioned,Bribery ,Kickbacks ,Fraud,,,Not mentioned,Not Classified,People working in the Australian construction industry,,Private Sector Professionals ,,,,,Primary data ,Interview data,Interviews,,,,Interviews ,Qualitative Analysis,,,Quantitative,Medium Quality
69,10.1016/j.joep.2013.09.006,2013,Journal of Economic Psychology,Included,5253,engaging in corruption the influence of cultural values and contagion effects at the microlevel,"Lee, Wang-Sheng; Guven, Cahit","Austria
Belgium
Czech Republic Denmark Estonia
Finland
France Germany Greece
Hungary Iceland
Ireland
Italy Luxembourg Netherlands Norway
Poland
Portugal Slovakia Slovenia
Spain
Sweden Switzerland Turkey
Ukraine
United Kingdom",Europe,"Western Europe, Northern Europe, Southern Europe, Eastern Europe",Empirical ,Not Mentioned,Bribery,,,,,Not clear,Not Classified,European citizens,,,Citizens ,,,,Secondary data ,Micro-level data from the European Social Survey.,Surveys,,,,surveys,Descriptive Statistics,Covariate Analysis,,Quantitative,High Quality
70,10.1080/08900523.2013.798137,2013,Journal of Mass Media Ethics,Included,5254,they are not different from others ethical practices and corruption inbangladeshi journalism,"Elahi, Manzur",bangladesh,Asia,South Asia,Empirical ,Journalism Corruption,Conflicts of Interest,,,,,Media hub,Real-World Setting,Journalists,,Private Sector Professionals ,,,,,Primary data ,qualitative and quantitative,Surveys,Interviews,Focus Group Discussions,,"Surveys, Interviews, Focus Group Discussions",Not mentioned ,,,Quantitative,Low Quality
71,10.1080/10508422.2012.706140,2012,Ethics & Behavior,Included,5260,perception and understanding of bribery in international business,"Guvenli, Turgut; Sanyal, Rajib",united states,The Americas,North America,Empirical ,Petty Corruption,Bribery,,,,,International business,Private Sector,Juniors and senior students / Young adults,,,,University students ,Young adutlts ,,Primary data ,Survey data,Surveys,,,,Surveys,Descriptive Statistics,Regression Analysis,,Quantitative,High Quality
72,10.1007/s10551-011-0741-0,2011,Journal of Business Ethics,Included,5261,psychological pathways to fraud understanding and preventing fraudin organizations,"Murphy, Pamela R.; Dacin, M. Tina",na,N/A,N/A,Conceptual ,Private Sector Corruption,Fraud,,,,,Organizational settings,Private Sector,Potential fraudsters,,,Citizens ,,,,Secondary data ,Theoretical data,Secondary Data Analysis,,,,Secondary Data Analysis ,Not applied,,,Quantitative,Medium Quality
73,10.1016/j.worlddev.2010.11.003,2021,World Development,Included,5262,corruption attitudes and education survey evidence from nepal,"Truex, Rory",nepal,Asia,South Asia,Empirical ,Petty Corruption,Bribery ,Favouritism,,,,"Nepal continues to face endemic corruption despite its recent democratization. The latest Transparency International CPI rankings give Nepal a 2.2 rating, placing it in the bottom third of rated countries. These perceptions reflect the reality of corruption in everyday life. In a nationwide survey, Transparency International Nepal (TIN) found that nearly 20% of Nepalis faced some form of corruption in the process of being admitted to hospitals, 50% reported corruption in interactions
with the police, and 25% experienced corruption in dealing with tax collectors (2002).",Real-World Setting,"This sampling method resulted in a degree of selection bias toward younger, male respondents. Older respondents and female respondents were less likely to be walking along the street and therefore less likely to be solicited to participate in the survey. The sample here contains individuals of all educational backgrounds, and in this regard, it closely approximates the Kathmandu population.",,,Citizens ,,,,Secondary data ,Corruption Acceptance Survey (CAS) data,Surveys,,,,Surveys,Descriptive Statistics; Regression Analysis,,,Quantitative,High Quality
74,10.1002/j.2325-8012.2009.tb00925.x,2009,Southern Economic Journal,Included,5268,gender culture and corruption insights from an experimental analysis,"Alatas, Vivi; Cameron, Lisa; Chaudhuri, Ananish; Erkal, Nisvan; Gangadharan, Lata",australia india indonesia singapore,"Oceania, Asia",Southeast Asia,Empirical ,Not Mentioned,Bribery,,,,,Experimental setting,Educational Setting,Third-year undergraduate or postgraduate students,,,,University students ,,,Primary data ,"Experimental, Behavioral data (attitudes)",Surveys,Experiments,,,"Experiments, Surveys", t-tests and multivariate regression analysis,,,Quantitative,Medium Quality
75,10.1007/s10551-007-9623-x,2008,Journal of Business Ethics,Included,5269,a valuebased framework for understanding managerial tolerance of bribery in latin america,"Sanchez, Juan I.; Gomez, Carolina; Wated, Guillermo",latin american,The Americas,Latin America,Conceptual ,Private Sector Corruption,Bribery,,,,,Organizations,Private Sector,Managers,,Private Sector Professionals ,,,,,Secondary data ,Theoretical data,Case Study ,,,,Case Study,Theoretical Analysis,,,Qualitative,Low Quality
76,10.1007/s10551-007-9429-x,2008,Journal of Business Ethics,Included,5271,perception of business bribery in china the impact of moral philosophy,"Tian, Qing",china,Asia,East Asia,Empirical ,Private Sector Corruption,Bribery ,Kickbacks,Gift-giving,,,Private corporations,Private Sector,Business managers from Mainland China,,Private Sector Professionals ,,,,,Primary data ,Survey data,Surveys,,,,Surveys,Regression Analysis,Factor Analysis,,Quantitative,High Quality
77,10.1007/s10551-005-8712-y,2019,Journal of Business Ethics,Included,5274,the effects of attitudes subjective norms attributions and individualismcollectivism on managers responses to bribery inorganizations evidence from a developing nation,"Wated, Guillermo; Sanchez, Juan I.",ecuador,The Americas,South America,Empirical ,Private Sector Corruption,Bribery,,,,,Organizational settings,Private Sector,"Study 1: 65 Subject Matter Experts (SMEs) in the U.S. (n = 35) and Ecuador (n = 30).
Study 2: 354 managers",,Private Sector Professionals ,,,,,Primary data ,Survey and interview data,Interviews,Secondary Data Analysis,,,"Interviews, Secondary Data Analysis ",Descriptive Statistics,Regression Analysis ,Study 1: content analysis Study 2: Factor Analysis of Scales,Quantitative,High Quality
78,10.1177/00219096241228786,2024,Journal of Asian and African Studies,Included,5281,what influences the propensity to report corruption to relevant state authorities evidence from ghana,"Asomah, Joseph Yaw; Dim, Eugene Emeka; Li, Yiyan",ghana,Africa,Sub-Saharan Africa,Empirical ,Everyday Corruption,Bribery,,,,,Governmental organizations,Private Sector,Adults,,,,,Adults ,,Secondary data ,Quantitative,Surveys,Interviews,,,"Surveys, Interviews",Descriptive Statistics,Multivariate Analysis,,Quantitative,High Quality
79,10.1007/s13520-023-00189-y,2024,Asian Journal of Business Ethics,Included,5282,follow the leader the relationships among corrupt leadership followers corruption tolerance and workplace outcomes,"Aumentado, Dominic Christian; Balagtas, Lorenzo Julio; Cu, Tiffany Gabrielle; Teng-Calleja, Mendiola",philippines,Asia,Southeast Asia,Empirical ,Not Mentioned,Not mentioned ,,,,,Workplace,Public and Private Sector,Employees,,Private Sector Professionals ,,,,,Primary data ,qualitative data,Surveys,Semi-structured interviews,,,"Surveys, Interviews",Regression Analysis,Qualitative Analysis,Thematic Analysis,Quantitative,High Quality
80,10.1016/j.jebo.2023.08.026,2023,Journal of Economic Behavior & Organization,Included,5283,condoning corruption who votes for corrupt political parties,"Jha, Chandan Kumar",na,N/A,N/A,Empirical ,Not Mentioned,Bribery,,,,,Not clear,Not Classified,Citizens,,,Citizens ,,,,Secondary data ,data set‚Äö√Ñ√¨European Quality of Government Index (EQI) Survey Micro Data,Surveys,,,,Surveys,Regression Analysis,,,Quantitative,High Quality
81,10.1080/10999922.2022.2029095,2023,Public Integrity,Included,5286,understanding corruption with perceived corruption the understudied effect of corruption tolerance,"Liu, Ting-An-Xu; Juang, Wen-Jong; Yu, Chilik",taiwan,Asia,East Asia,Empirical ,Not Mentioned,Gambling,Gift-giving,,,,Not clear,Not Classified,Not clear ,Not clear ,Not clear ,Not clear ,Not clear ,Not clear ,,Primary data ,Survey data,Surveys,,,,Surveys,Descriptive Statistics,Regression Analysis,,Quantitative,High Quality
82,10.1007/s11205-021-02690-y,2021,Social Indicators Research,Included,5287,what we dont know so far about tolerance towards corruption in european democracies measurement approaches determinants and types,"Gouvêa Maciel, Gustavo",oecd countries,OECD Countries,N/A,Empirical ,Not Mentioned,Not mentioned ,,,,,Democratic regime,Real-World Setting,Citizens,,,Citizens ,,,,Secondary data ,European Values Study (EVS) and the Special Eurobarometer (EB) data,Surveys,,,,Surveys,Regression Analysis,,,Quantitative,High Quality
83,10.34135/sjps.230101,2023,Slovak Journal of Political Sciences,Included,5295,anticorruption attitudes in postcommunist slovakia hellfire and deviance or political socialization,"Joel, Joel",slovakia,Europe,Eastern Europe,Empirical ,Everyday Corruption,Bribery,,,,,Religious settings,Real-World Setting,Slovakians aged 18-90,,,,,Adults ,,Secondary data ,Slovak subsample of the World Values Survey,Surveys,,,,Surveys,Descriptive Statistics,Regression Analysis,,Quantitative,Medium Quality
84,10.1108/jfc-09-2022-0214,2023,Journal of Financial Crime,Included,5297,what determines the justifiability for accepting bribes and cheating on taxes,"Zahoor, Aniza; Qaiser, Imran; Yasmin, Nazia; Asif, Ayesha",na,N/A,N/A,Empirical ,Not Mentioned,Bribery,Tax cheating,,,,Not mentioned,Not Classified,People of 18 years of age and older are taken as sample.,,,,,Adults ,,Secondary data ,World Values Survey wave VI (2010‚Äö√Ñ√¨2014) data,Surveys,,,,Surveys,Regression Analysis,,,Quantitative,High Quality
85,10.5267/j.ac.2020.11.020,2021,Accounting,Included,5303,effect of attitudes subjective norms and behavioral controls on the intention and corrupt behavior in public procurement fraud triangle and the planned behavior in management accounting,"Zulaikha, Zulaikha; Hadiprajitno, Paulus T. Basuki; Rohman, Abdul; Handayani, Rr. Sri",indonesia,Asia,Southeast Asia,Empirical ,Not Mentioned,Bribery,Fraud,"Corrupt behavior can take the form of gratuities, bribes, and mark-ups for the procurement of government goods and services.",,,Public sector,Public Sector,"Public accountants, stakeholders, civil servants and inspectors. The population of this research is government officials, people's representatives, suppliers of public procurement, accounting lecturers, internal auditors, external auditors, the Financial and Development Supervisory Agency (BPKP), and the community leaders.",Civil servants ,,Community leaders ,,,,Primary data ,Survey data,Surveys,,,,Surveys,Regression Analysis,,,Quantitative,Low Quality
86,10.1080/14616742.2021.1936117,2023,International Feminist Journal of Politics,Included,5304,gendered clientelism and corruption are womenless corrupt than men in china,"Tu, Wenyan; Guo, Xiajuan",china,Asia,East Asia,Empirical ,Petty Corruption,Bribery ,Clientelism,,,,Public sector,Public Sector,"the respondents were enrolled in part-time Master of Public Administration (MPA) programs in universities. These MPA programs are a useful means of gaining access to a large number of civil servants in
different positions and regions. Chinese civil servants and female officials with leadership positions in the Chinese government.",Civil servants ,,,University students ,,,Primary data ,Survey data,Surveys,Interviews,,,"Surveys, Interviews",Regression Analysis,,,Quantitative,High Quality
87,10.1080/1331677x.2020.1723426,2023,Economic Research-Ekonomska Istra_ivanja,Included,5306,the determinants of corruption at the individuallevel evidence from bosniaherzegovina,"Mangafić, Jasmina; Veselinović, Ljiljan",bosniaherzegovina,Europe,Eastern Europe,Empirical ,Not Mentioned,Bribery,,,,,Not mentioned,Not Classified,Bosnia and Herzegovina Individuals,,,Citizens ,,,,Secondary data ,National Survey of Citizens‚Äö√Ñ√¥ Perceptions of Bosnia and Herzegovina (NSCP-BiH) data,Surveys,,,,Surveys,Logistic Regression,,,Quantitative,High Quality
88,10.1017/xps.2017.26,2018,Journal of Experimental Political Science,Included,5311,institutions norms and accountability a corruption experiment with northern and southern italians,"Zhang, Nan",italy,Europe,Southern Europe,Empirical ,Petty Corruption,Bribery,,,,,"Public hospital setting. This setting was selected because the medical sector is regarded as among the more corruption-ridden institutions in Italian society.4 Furthermore, while we may doubt that ordinary citizens have encountered corruption in other scenarios (e.g., public procurements), participants are likely to have a more concrete idea of
how corruption in the health sector operates. Finally, since hospitals in Italy are public institutions, individuals should expect impartial treatment, and any personal favoritism is likely to be understood as corruption. Overall, the framing brings a measure of realism, and affords greater confidence that behavior in the lab will more faithfully reflect choices in real life.",Public Sector,Regionally-native Northern and Southern Italian students,,,,University students ,,,Primary data ,Experimental data,Experiments (corruption game),,,,Experiments,Regression Analysis,,,Quantitative,High Quality
89,10.1108/jfc-01-2018-0009,2019,Journal of Financial Crime,Included,5312,fraud and guilt rationalization strategies and the relevance of kierkegaardian lifeviews,"Dion, Michel",na,N/A,N/A,Conceptual ,Not Mentioned,Fraud,,,,,Organizational setting,Private Sector,Not mentioned,Not mentioned,Not mentioned,Not mentioned,Not mentioned,Not mentioned,,Secondary data ,Theoretical data,Not mentioned ,,,,Not classified,Theoretical analysis,,,Quantitative,Low Quality
90,10.35808/ijeba/316,2019,International Journal of Economics and Business Administration,Included,5315,social constructs in predicting corruptive attitudes and behavior from theory of planned behavior perspective,Zulaikha; Paulus; Muhammad,indonesia,Asia,Southeast Asia,Empirical ,Not Mentioned,Fraud,,,,,Not mentioned,Not Classified,Not mentioned,Not mentioned,Not mentioned,Not mentioned,Not mentioned,Not mentioned,,Primary data ,Quantitative,Surveys,,,,Surveys,Descriptive Statistics,Regression Analysis,,Quantitative,Medium Quality
91,10.1111/polp.12173,2016,Politics & Policy,Included,5316,norms corruption and voting for berlusconi,"McNally, Darragh",italy,Europe,Southern Europe,Empirical ,Not Mentioned,Bribery,,,,,Not clear,Not Classified,Voters,,,Citizens ,,,,Secondary data ,EVS data,Surveys,,,,Surveys,Regression Analysis,,,Quantitative,Medium Quality
92,10.1080/13583883.2015.1036109,2015,Tertiary Education and Management,Included,5323,how business students view corruption and why this should concern usinsights from lebanon romania and the united states,"Neal, Mark; Finlay, Jim; Karkoulian, Silva; Catana, Doina; Pellegrino, Robert",lebanon romania and the united states,"Asia, Europe, The Americas","Middle East, Eastern Europe, North America",Empirical ,Higher Education Corruption,Bribery,,,,,Education institutions,Educational Setting,Business students,,,,University students ,,,Primary data ,Survey data,Surveys,Case study,,,"Surveys, Case Study",Regression Analysis,,,Quantitative,High Quality
93,10.1515/jbnst-2015-0205,2015,Jahrbücher Für Nationalökonomie Und Statistik,Included,5325,determinants of willingness to bribe micro evidence from the educational sector in china,"Liu, Qijun; Peng, Yaping",china,Asia,East Asia,Empirical ,Petty Corruption,Bribery,,,,,Educational institutions and jails,Educational and Real-world Setting,"Art students (colleges and universities) with bribery experiences and personnel in charge of college admission and enrollment, and former examiners and admissions officials convicted for corruption.",,,,"University, College students ",,University Staff,Primary data ,"The data used in our study are from reports of individual bribing experiences. 
In addition to the results of our survey, we also used official statistics in our study.",Surveys,Interviews,,,"Surveys, Interviews",Descriptive Statistics,Regression Analysis,,Quantitative,High Quality
94,10.1504/jgba.2011.041496,2011,Journal for Global Business Advancement,Included,5326,perceptions of bribery and business ethics across afghanistan a reflection on reality and crises management,"Mujtaba, Bahaudin G.",afghan diaspora,Asia,South Asia,Empirical ,Not Mentioned,Bribery,,,,,Not mentioned,Not Classified,Local and expatriate Afghans (Afghan Diaspora population),,,Citizens ,,,,Primary data ,Survey data,Surveys,,,,Surveys,Descriptive Statistics,,,Quantitative,Medium Quality
95,10.1177/0260107914541029,2014,Journal of Interdisciplinary Economics,Included,5328,does reporting decrease corruption,"Bone, John; Spengler, Dominic",na,N/A,N/A,Empirical ,Not Mentioned,Bribery,,,,,Not mentioned,Not Classified,Not mentioned,Not mentioned,Not mentioned,Not mentioned,Not mentioned,Not mentioned,,Primary data ,Experimental data,Experiments,,,,Experiments,Not mentioned ,,,Quantitative,Low Quality
96,10.1007/s43076-023-00326-3,2023,Trends in Psychology,Included,5338,when tolerance becomes healthy influence of corruption tolerance on psychological distress among employees in nigeria,"Ogungbamila, Bolanle; Ajagunna, Fisayo Adebayo",nigeria,Africa,Sub-Saharan Africa,Empirical ,Not Mentioned,Not mentioned ,,,,,Public and Private sector organizations,Public and Private Sector,Employees,,Private Sector Professionals ,,,,,Primary data ,Quantitative,Surveys,,,,Surveys,Regression Analysis,Correlation analysis,,Quantitative,High Quality
97,10.1007/s11205-023-03199-2,2023,Social Indicators Research,Included,5339,deontological and consequentialist ethics and attitudes towards corruption a survey data analysis,"Megías, Adrián; De Sousa, Luís; Jiménez-Sánchez, Fernando",portugal,Europe,Southern Europe,Empirical ,Not Mentioned,Bribery,,,,,Not mentioned,Not Classified,Portuguese respondents,,,Citizens ,,,,Primary data ,Survey data,Surveys,,,,Surveys,Regression Analysis,,,Quantitative,High Quality
98,10.54885/aub-sp-fgpm5999,2022,Analele Universitatii din Bucuresti - Stiinte Politice,Included,5340,knowledge of official ethical standards and tolerance towards corruption an exploratory study,"Institute of Social Sciences (ICS), University of Lisbon, Portugal; De Sousa, Luís; Clemente, Felippe; Institute of Social Sciences (ICS), University of Lisbon, Portugal; Calca, Patrícia; ISCTE-Instituto Universitário de Lisboa (ISCTE-IUL), Portugal",portugal,Europe,Southern Europe,Empirical ,Not Mentioned,Not mentioned ,,,,,Not mentioned,Not Classified,Students,,,,University students ,,,Primary data ,Survey and Focus Group data,Surveys,Focus group discussions ,,,"Surveys, Focus Group Discussions",Descriptive Statistics,Regression Analysis,,Quantitative,High Quality
99,10.1007/s10805-019-09351-3,2021,Journal of Academic Ethics,Included,5341,tolerance of future professionals towards corruption analysis through the attitudes of students of limas universities regarding situations related to ethics and morals,"Alva, Edgar; Vivas, Vanina; Urcia, María",peru,The Americas,South America,Empirical ,Not Mentioned,Bribery,Embezzlement,Nepotism ,Fraud ,,"Individual and the organisational environments (academic and
occupational)",Real-World and Educational Setting,University students,,,,University students ,,,Primary data ,Qualitative,Surveys,Focus group discussions ,,,"Surveys, Focus Group Discussions",Descriptive Statistics,,,Quantitative,High Quality
100,10.1007/s10611-024-10156-8,2024,"Crime, Law and Social Change",Included,5342,democratic values relative deprivation political trust and the resilience of corruption in portugal a survey analysis,"Clemente, Felippe; De Sousa, Luís",portugal,Europe,Southern Europe,Empirical ,Not Mentioned,Not mentioned ,,,,,Not mentioned,Not Classified,Portuguese citizens,,,Citizens ,,,,Primary data ,Not mentioned ,Surveys,Focus group discussions ,,,"Surveys, Focus Group Discussions",Descriptive Statistics,Regression Analysis,Exploratory analysis,Quantitative,High Quality
101,10.1111/puar.13699,2023,Public Administration Review,Included,5346,understanding the microfoundations of administrative corruption in the public sector findings from a systematic literature review,"Weißmüller, Kristina S.; Zuber, Anna",na,N/A,N/A,Conceptual ,Public Sector Corruption,Bribery,"Black, gray, and white corruption",,,,Governmental institutions,Public Sector,Civil servants,Civil servants ,,,,,,Secondary data ,Secondary data,Secondary Data Analysis,,,,Secondary Data Analysis ,Descriptive Statistics,Theoretical Analysis,,Qualitative,High Quality
102,10.1007/s11109-021-09745-3,2023,Political Behavior,Included,5348,flying under the radar how frames influence public officials perceptions of corruption,"Zizumbo Colunga, Daniel; Meza, Oliver",mexico,The Americas,North America,Empirical ,Bureaucratic Corruption,Favor offer and monetary offer,,,,,Experimental setting,Educational Setting,Civil servants,Civil servants ,,,,,,Primary data ,Experimental data,Experiments,Vignettes,,,"Experiments, Surveys",OLS Models,,,Quantitative,High Quality
103,10.1080/15705850701825428,2008,Perspectives on European Politics and Society,Included,5349,french ambiguities in understandings of corruption concurrent definitions,"Lascoumes, Pierre; Tomescu-Hatto, Odette",france,Europe,Western Europe,Empirical ,Political Corruption,Nepotism ,Favoritism,,,,Not mentioned,Not Classified,"Persons of French nationality, aged 18 years or above",,,Citizens ,,,,Primary data ,Survey data,Surveys,,,,Surveys,Regression Analysis,,,Quantitative,High Quality
104,10.1386/pjss.15.2.299_1,2016,Portuguese Journal of Social Science,Included,5350,social classes and tolerance to corruption in portugal what is the relationship,"Moriconi, Marcelo; Carvalho, Tiago",portugal,Europe,Southern Europe,Empirical ,Petty Corruption,Bribery ,Favouritism,,,,Not clear,Not Classified,People aged 18 and above in mainland Portugal,,,Citizens ,,Adults ,,Secondary data ,project ‚Äö√Ñ√≤Corruption and ethics in Democracy: the Portuguese case‚Äö√Ñ√¥ from 2006 data,Surveys,,,,Surveys,Not mentioned ,,,Quantitative,High Quality
105,10.2478/ngoe-2022-0015,2022,Naše Gospodarstvo/Our Economy,Included,5356,economic motives and willingness of young people to participate in fraud,"Dimitrijević, Dragomir; Jovanović, Dejan",serbia,Europe,Eastern Europe,Empirical ,Not Mentioned,Fraud,,,,,Not mentioned,Not Classified,Young people aged 18-30,,,,,Young adutlts ,,Secondary data ,Survey data,Surveys,,,,Surveys,Descriptive Statistics,,,Quantitative,Low Quality
106,10.1515/bjreecm-2017-0013,2017,Baltic Journal of Real Estate Economics and Construction Management,Included,5369,determinants of corruption perception in a transition country case of albania,"Çera, Edmond; Sinamati, Arta",albania,Europe,Eastern Europe,Empirical ,Not Mentioned,Bribery,,,,,Not mentioned,Not Classified,Citizens,,,Citizens ,,,,Primary data ,Survey data,Surveys,,,,Surveys,Regression Analysis,,,Quantitative,Low Quality
107,10.1353/gss.2024.a934047,2022,Journal of Global South Studies,Included,5376,the effects of corruption tolerance on support for democracy evidence from africa,"Toklo, Sewordor",africa region,Africa,Sub-Saharan Africa,Empirical ,Petty Corruption,Bribery,,,,,Not mentioned,Not Classified,African citizens,,,Citizens ,,,,Secondary data ,Afrobarometer data,Surveys,,,,Surveys,Regression Analysis,,,Quantitative,High Quality
108,10.18523/kmlpj189994.2019-5.141-164,2019,Kyiv-Mohyla Law and Politics Journal,Included,5381,exploring shades of corruption tolerance tentative lessons from iceland and sweden,"Erlingsson, Gissur Ólafur; Kristinsson, Gunnar Helgi",iceland and sweden,Europe,Northern Europe,Empirical ,Not Mentioned,Bribery ,Embezzlement ,Kickbacks ,Fraud ,Private interests,Municipalities,Public Sector,"elites and non-elites, public, municipal employees and members of municipal councils,  politicians and civil servants",Civil servants ,,General public ,,,,Secondary data ,Survey data,Surveys,,,,Surveys,Regression Analysis,,,Quantitative,Medium Quality
109,10.1515/peps-2017-0043,2018,"Peace Economics, Peace Science and Public Policy",Included,5382,external territorial threats and tolerance of corruption a privategovernment distinction,"Miller, Steven V.",na,N/A,N/A,Empirical ,Government Corruption,Not mentioned ,,,,,Government and private sector,Public and Private Sector,Citizens,,,Citizens ,,,,Secondary data ,"Survey data sets (Globalbarometer, Latinobar‚àö‚â•metro, World Values Survey)",Surveys,,,,Surveys,Descriptive Statistics,Regression Analysis,Comparative and Correlational Analysis,Quantitative,Medium Quality
110,10.1111/gove.12193,2017,Governance,Included,5385,an insideroutsider theory of popular tolerancefor corrupt politicians,"Chang, Eric C.C.; Kerr, Nicholas N.",africa region,Africa,Sub-Saharan Africa,Empirical ,Not Mentioned,Patronage,,,,,Citizens,Real-World Setting,African countries,,,Citizens ,,,,Secondary data ,survey data,Surveys,,,,Surveys,Regression Analysis,,,Quantitative,High Quality
111,10.1002/pad.1798,2017,Public Administration and Development,Included,5387,socially embedded anticorruption governance evidence from hong kong,"Gong, Ting; Xiao, Hanyu",hong kong,Asia,East Asia,Empirical ,Not Mentioned,Not mentioned ,,,,,Not mentioned,Not Classified,Local residents,,,Citizens ,,,,Primary data ,Survey data,Surveys,,,,Surveys,Descriptive Statistics, Regression Analysis,Correlational analysis,Quantitative,High Quality
112,10.21467/ajss.7.1.145-162,2020,Advanced Journal of Social Science,Included,5390,analyzing citizens propensity to confront and report corruptionevidence from uganda,"Nakirijja, Deborah Sarah; Oijun, Liu",uganda,Africa,Sub-Saharan Africa,Empirical ,Not Mentioned,Not clear,,,,,Not mentioned,Not Classified,Citizens,,,Citizens ,,,,Primary data ,Survey data,Surveys,,,,Surveys,Descriptive Statistics,,,Quantitative,High Quality
113,10.1080/12294659.2014.915475,2014,International Review of Public Administration,Included,5395,relation between personal values and corruptionpermissiveness of government servants in indiaand the moderating role of dissatisfaction with thefinancial condition of the family,"Pande, Sanjay; Jain, Neetu",india,Asia,South Asia,Empirical ,Not Mentioned,Not mentioned ,,,,,Governmental organizations,Public Sector,Government employees of India,Civil servants ,,,,,,Secondary data ,World Value Survey data,Surveys,,,,Surveys,Regression Analysis,,,Quantitative,Medium Quality
114,10.1080/17448689.2017.1387716,2017,Journal of Civil Society,Included,5401,localization formalism and passivity symbolsshaping bribe offers in azerbaijan,"Sadigov, Turkhan",azerbaijan,Asia,Central Asia,Empirical ,Not Mentioned,Bribery,,,,,Real-world,Real-World Setting,Azerbaijan citizens,,,Citizens ,,,,Primary data ,Survey data,Surveys,Interviews,10 in-depth interviews,,"Surveys, Interviews",Regression Analysis,,,Mixed-approach,Low Quality
115,10.1017/s1743923x13000378,2013,Politics & Gender,Included,5402,fairer sex or purity myth corruption gender and institutional context,"Esarey, Justin; Chirillo, Gina",na,N/A,N/A,Empirical ,Not Mentioned,Bribery,,,,,Democratic and Autocratic Institutions,Real-World Setting,Women,,,,,,,Secondary data ,"World Values Survey sample contains cross-sectional data from
1999 ‚Äö√Ñ√¨ 2002. Attitudinal data. w",Surveys,,,,Surveys,Regression Analysis,,,Quantitative,Medium Quality
116,10.2139/ssrn.3764864,2020,CEIS: Centre for Economic & International Studies ,Excluded,5404,corruption bias and information a study in the lab,"Corrado, Germana; Corrado, Luisa; Marazzi, Francesca",na,N/A,N/A,Empirical ,Not Mentioned,Bribery,,,,,Experimental lab,Educational Setting,citizens and bureaucrats,Civil servants ,,Citizens ,,,,Primary data ,Experimental data,Experiments (Public Good game),,,,Experiments,Descriptive Statistics,Regression Analysis,,Quantitative,High Quality
117,10.17072/2218-1067-2022-2-109-122,2005,Bulletin of Perm University. Political Science,Included,5406,the effects of corruption perception on political participation evidence from africa,"National Research University Higher School of Economics; Toklo, S.",benin botswana cape verde ghana kenya lesotho madagascar malawi mali mozambique namibia nigeria senegal south africa tanzania uganda zambia and zimbabwe,Africa,Sub-Saharan Africa,Empirical ,Not Mentioned,Bribery,,,,,Political elections,Real-World Setting,Voters,,,Citizens ,,,,Secondary data ,Afrobarometer Surveys data,Surveys,,,,Surveys,Regression Analysis,,,Quantitative,High Quality
118,10.24913/rjap.22.2.03,2020,Romanian Journal of Applied Psychology,Included,5408,perceived organizational injustice and corrupt tendencies in public sector employees mediating role of life satisfaction,"Ogungbamila, B.; Ojogo, B. F",nigeria,Africa,Sub-Saharan Africa,Empirical ,Not Mentioned,Not mentioned ,,,,,Public sector,Public Sector,Civil servants,Civil servants ,,,,,,Primary data ,Questionnaire data,Questionnaire,,,,Surveys,Regression Analysis,,,Quantitative,Low Quality
119,10.46585/sp28020109,2020,"Scientific Papers of the University of Pardubice, Series D: Faculty of Economics and Administration",Included,5416,youth attitudes towards intolerance to corruption in lithuania,"Toleikiene, Rita; Balciunas, Sigitas; Jukneviciene, Vita",lithuania,Europe,Baltic States,Empirical ,Everyday Corruption,Bribery,,,,,Not clear,Not Classified,"16-29 year old residents of ‚âà‚Ä†iauliai region (students of general education and vocational schools, as well as students of universities and colleges, the employed).",,,,,Young adutlts ,,Primary data ,Quantitative,Surveys,,,,Surveys,Descriptive Statistics,,,Quantitative,High Quality
120,10.2139/ssrn.778464,2005,SSRN Electronic Journal,Excluded,5418,do attitudes towards corruption differ across cultures experimental evidence from australia india indonesia and singapore,"Cameron, Lisa A.; Chaudhuri, Ananish; Erkal, Nisvan; Gangadharan, Lata",australia india indonesia and singapore,"Oceania, Asia",Southeast Asia,Empirical ,Not Mentioned,Bribery,,,,,"three-person sequential-move game involving a firm, a government official and a citizen.",Educational Setting,Third year undergraduate or postgraduate students,,,,"University, College students ",,,Primary data ,Experimental,Surveys,"Experiments (three-person, sequential-move bribery game)
",,,"Experiments, Surveys",Multivariate Analysis,,,Quantitative,High Quality
121,10.56741/jmsd.v3i02.535,2024,Journal of Management Studies and Development,Included,5419,whistleblowing and corrupt tendencies among selected employees in three public organizations,"Ogungbamila, Bolanle; Osamika, Bamidele Emmanuel; Job, Emmanuel Dada",nigeria,Africa,Sub-Saharan Africa,Empirical ,Public Sector Corruption,Whistleblowing,,,,,Public Sector,Public Sector,"Employees in public sector (110 health workers; 116 police 
personnel; 105 teachers)",Civil servants ,,,,,,Primary data ,Survey data,Surveys,,,,Surveys,Regression Analysis,Correlational Analysis,,Quantitative,High Quality
122,10.1017/s1744137420000648,2022,Journal of Institutional Economics,Included,5420,individualism and attitudes towards reporting corruption evidence from postcommunist economies,"Amini, Chiara; Douarin, Elodie; Hinks, Tim",baltic states the european union member states of central eastern and southeastern europe the rest of the balkans and finally the former soviet union state,Europe,"Baltic States, EU Countries, Eastern Europe, Russia & Former Soviet States",Empirical ,Not Mentioned,Bribery,,,,,"We focus on ex-communist countries only, because there, corruption rates are some of the highest in the world and have even sometimes
increased in the transitional period following the collapse of communism (Havrylyshyn, 2020: 219). In this paper, we consider corruption as taking place both in the private and the public spheres.",Real-World Setting,Households,,,,,,,Secondary data ,"We use the third round of the Life in Transition Survey (LITS3), conducted between 2015 and 2016 by the World Bank and European Bank of Reconstruction and Development.",Surveys,,,,Surveys,Correlational Analysis,,,Quantitative,High Quality
123,10.1111/padm.12795,2019,Public Administration,Included,5422,corruption in social relations bribetaking corruptibility and corruption risks,"Su, Su; Ni, Xing",china,Asia,East Asia,Empirical ,Public Sector Corruption,Bribery,,,,,Public sector,Public Sector,Bureaucrats,Civil servants ,,,,,,Primary data ,Survey and vignettes data,Surveys,Interviews,Experiments,Vignettes,"Experiments, Surveys, Interviews",Regression Analysis,,,Quantitative,High Quality
124,10.1007/s10611-013-9478-2,2013,"Crime, Law and Social Change",Included,5425,sources of tolerance towards corrupted politicians in greece the role of trade offs and individual benefits,"Konstantinidis, Iannis; Xezonakis, Georgios",greece,Europe,Southern Europe,Empirical ,Political Corruption,Bribery,Clientelism,Partisanship,,,Not mentioned,Not Classified,Greek voters,,,Citizens ,,,,Primary data ,Survey experiment data,Experiments,,,,Experiments,Regression Analysis,,,Quantitative,Low Quality
125,10.2139/ssrn.4922854,2024,SSRN Electronic Journal,Included,5426,corruption as a shared dilemma survey evidence from legislators and citizens in three countries,"Fisman, Raymond; Ferroni, Matteo; Golden, Miriam A.",italy colombia and pakistan,"Europe, The Americas, Asia","Southern Europe, South America, South Asia",Empirical ,Everyday Corruption,Bribery,,,,,Public sector,Public Sector,Legislators and citizens,Civil servants ,,Citizens ,,,,Primary data ,Experimental data,Surveys,Vignettes,,,"Surveys, Vignettes",Descriptive Statistics; Regression Analysis,,,Quantitative,High Quality
126,10.1016/j.ssaho.2024.100983,2024,Social Sciences & Humanities Open,Included,5431,demographic variables and perceptions of corruption among undergraduates evidence from a nigerian federal university,"Owan, Valentine Joseph; Chuktu, Onyinye; Nwosu, Patience Okwudiri; Undie, Roseline Anyiopi; Uchegbue, Henrietta Osayi; Edoho, Gloria Emmanuel; Egaga, Moses Musa; Anam, Blessing Bassey; Ofem, Usani Joseph; Enamhe, Dorn C.; Owan, Mercy Valentine",nigeria,Africa,Sub-Saharan Africa,Empirical ,Not Mentioned,Bribery ,Academic cheating,Academic dishonesty,,,Educational settings,Educational Setting,Undergraduate students,,,,University students ,,,Primary data ,Demographic Variables and the Perception of Corruption Questionnaire (DVPCQ) data,Surveys,,,,Surveys,Descriptive Statistics; Regression Analysis,,,Quantitative,High Quality
127,10.2139/ssrn.3178719,2018,SSRN Electronic Journal,Included,5435,cultural social emotional and cognitive aspects of corruption in turkey,"Akin, Mustafa Seref",turkey,Asia,Middle East,Empirical ,Everyday Corruption,Bribery,,,,,Not mentioned,Not Classified,Not mentioned,Not mentioned,Not mentioned,Not mentioned,Not mentioned,Not mentioned,,Primary data ,Behavioral data,Interviews,,,,Interviews ,Qualitative Analysis,,,Qualitative,Low Quality
128,10.1002/ejsp.2134,2016,European Journal of Social Psychology,Included,5437,absolute power leads to absolute corruption impact of power oncorruption depending on the concepts of power one holds,"Wang, Fang; Sun, Xunwei",china,Asia,East Asia,Empirical ,Not Mentioned,Not clear,,,,,Not clear,Not Classified,The sample in Study 1 consisted of working adults in order that we were able to measure rather stable power concepts and their relation to the general opinion on corrupt practice.,,,Citizens ,,,,Primary data ,Quantitative data,Experiments,,,,Experiments,Descriptive Statistics; Regression Analysis,,,Quantitative,High Quality
129,10.3390/economies11070179,2023,Economies,Excluded,5439,examining determinants of corruption at the individual level in south asia,"Han, Jinwon",south asia,Asia,South Asia,Empirical ,Not Mentioned,Bribery,,,,,Not mentioned,Not Classified,Young adults,,,,,Young adutlts ,,Primary data ,World Value Survey (WVS) data,Surveys,,,,Surveys,Multinomial logistic regression ,Binomial logistic regression ,,Quantitative,High Quality
130,10.1111/kykl.12304,2022,Kyklos,Included,5441,corruption and life satisfaction evidence from atransition survey,"Andriani, Luca; Ashyrov, Gaygysyz","Albania
Bosnia and Herzegovina
Bulgaria
Croatia
Czech Republic
Estonia
Hungary
Latvia
Lithuania
Macedonia (North Macedonia)
Moldova
Poland
Romania
Serbia
Slovakia
Slovenia
Ukraine
Armenia
Azerbaijan
Georgia
Kazakhstan
Kyrgyzstan
Tajikistan
Uzbekistan
Russia
Belarus
Mongolia
Lithuania
Moldova (execpt Turkmenistan)",Europe,"Eastern Europe, Russia & Former Soviet States",Empirical ,Everyday Corruption,Bribery,,,,,transition economies,Real-World Setting,Citizens,,,Citizens ,,,,Secondary data ,Life in Transition Survey data,Surveys,Interviews,,,"Surveys, Interviews",Regression Analysis,,,Quantitative,High Quality
131,10.1111/disa.12585,2023,Disasters,Included,5447,disasters and corruption public expectations and toleranceevidence from mexico,"Gawronski, Vincent T.; Levitt, Barry S.; Olson, Richard S.",mexico,The Americas,North America,Empirical ,Disaster Corruption,Bribery,,,,,Disaster setting,Real-World Setting,Mexicans,,,Citizens ,,,,Primary data ,Survey data,Surveys,,,,Surveys,Descriptive Statistics,,,Quantitative,Low Quality
132,10.1007/s10611-022-10034-1,2023,"Crime, Law and Social Change",Included,5449,are women less corrupt than men evidence from ghana,"Asomah, Joseph Yaw; Dim, Eugene Emeka; Li, Yiyan; Cheng, Hongming",ghana,Africa,Sub-Saharan Africa,Empirical ,Not Mentioned,Bribery,,,,,Not mentioned,Not Classified,Adults,,,,,Adults ,,Secondary data ,Survey data,Surveys,,,,Surveys,Descriptive Statistics,Multivariate Analysis,Univariate Analysis,Quantitative,High Quality
133,10.21680/2176-9036.2024v16n2id36730,2024,REVISTA AMBIENTE CONTÁBIL,Included,5450,service to demands and corruption tolerance brazilian voters perception of rouba mas faz policy,"Costa Neto, João Antonio Da; Dantas Júnio, Amarando Francisco R; Sousa, Rossana Guerra De; Vasconcelos, Adriana Fernandes De",brazil,The Americas,South America,Empirical ,Political Corruption,Embezzlement,,,,,Not mentioned,Not Classified,Voters,,,Citizens ,,,,Primary data ,Survey data,Surveys,,,,Surveys,Descriptive Statistics,,,Quantitative,High Quality
134,10.1080/1068316x.2023.2292512,2023,"Psychology, Crime & Law",Included,5455,are intrinsic motivation extrinsic motivation andorganisational identity always beneficial to the organisation the different effects of black and grey corruption,"Jeong, Jisu; Han, Seunghui",south korea,Asia,East Asia,Empirical ,Public Sector Corruption,Bribery,Black and Grey Corruption,,,,Public sector institutions,Public Sector,Civil servants,Civil servants ,,,,,,Primary data ,Survey data,Surveys,,,,Surveys,Regression Analysis,,,Quantitative,High Quality
135,10.1080/15578771.2023.2203956,2024,International Journal of Construction Education and Research,Included,5457,effects of building contractors value systems on corruption manifestations in nigerias construction sector,"Oluseye, Olugboyega; Oyeyemi, Oyetunji Aisha; Ehis, Oseghale Godwin; Aigbavboa, Clinton",nigeria,Africa,Sub-Saharan Africa,Empirical ,Not Mentioned,Bribery,,,,,Construction sector,Private Sector,Building contractors,,Private Sector Professionals ,,,,,Primary data ,Survey data,Surveys,,,,Surveys,Regression Analysis,,,Quantitative,High Quality
136,10.1016/j.jebo.2023.10.009,2023,Journal of Economic Behavior & Organization,Included,5458,direct lying or playing the victim an experimental study,"Akın, Zafer",united states and canada,The Americas,North America,Empirical ,Everyday Corruption,Fraud,,,,,Experimental Lab,Educational Setting,University students,,,,University students ,,,Primary data ,experimental,Surveys,Experiments (Dictator game),,,"Experiments, Surveys",Inferential Statistics,,,Quantitative,High Quality
137,https://doi.org/10.4324/9781315733869 ,2017,Taiwan Journal of Democracy,Included,5388,"CORRUPTION EXPERIENCE, CORRUPTION TOLERANCE, AND INSTITUTIONAL TRUST IN EAST ASIAN DEMOCRACIES","Chang, Eric C.C; Huang, Shih-hao ","Japan, South Korea, Mongolia, the Philippines, Taiwan, Thailand, and Indonesia.",Asia,"East Asia, Southeast Asia",Empirical ,Not Mentioned ,Not mentioned ,,,,,Not mentioned,Not Classified,Citizens,,,Citizens ,,,,Secondary data ,"We rely on data from the third wave of the Asian Barometer Surveys 
(ABS).",Surveys,,,,Surveys,Regression Analysis,,,Quantitative,High Quality 
138,https://wwjmrd.com/archive/2023/1/2012/effects-of-values-clarification-and-emotional-intelligence-training-in-fostering-zero-tolerance-for-corruption-among-customs-officers-in-the-south-west-nigeria,2023,World Wide Journal of Multidisciplinary Research and Development,Included,5446,EFFECTS OF VALUES CLARIFICATION AND EMOTIONAL INTELLIGENCE TRAINING IN FOSTERING ZERO-TOLERANCE FOR CORRUPTION AMONG CUSTOMS OFFICERS IN THE SOUTH-WEST NIGERIA,"Adeyemo,D.A; Agokei, Stanley Peter",Nigeria,Africa,Sub-Saharan Africa,Empirical ,Not Mentioned ,Bribery ,,,,,Government Institutions (Nigeria Customs Service) ,Public Sector,Customs officers ,Civil servants ,,,,,,Primary data ,Experimental ,Experiments,,,,Experiments,Inferential Statistics,Multivariate Analysis,,Quantitative,High Quality 
139,https://www.researchgate.net/publication/258519467_Experience_Attitudes_and_Corrupt_Behavior_Insights_from_an_Experiment_on_Bribery,2011,,Excluded,5415,"EXPERIENCE, ATTITUDES AND CORRUPT BEHAVIOR: INSIGHTS FROM AN EXPERIMENT ON BRIBERY","Campos-Ortiz, Francisco",Mexico,The Americas,North America,Empirical ,Everyday Corruption ,Bribery ,,,,,Real-world setting,Real-World Setting,University students ,,,,University students ,,,Primary data ,Experimental,Surveys,Experiments,,,"Experiments, Surveys",Regression Analysis,,,Quantitative,High Quality 
140,https://www.semanticscholar.org/paper/Individual-psychological-characteristics-of-and-of-Dzhaneryan-Kirik/edf252484c72a96588322b11527ea2f723becf54,2017,Revista ESPACIOS,Included,5317,INDIVIDUAL PSYCHOLOGICAL CHARACTERISTICS OF SCHOOLCHILDREN AND COLLEGE STUDENTS WITH DIFFERENT TYPES OF ATTITUDE TO BRIBERY,"S. Dzhaneryan; V. A. Kirik, D. I. Gvozdeva; E. A. Panina",Russia,Europe,Russia & Former Soviet States,Empirical ,Not Mentioned ,Bribery ,,,,,Educational Institutions,Educational Setting,Schoolchildren and college students from 15 to 18 years old,,,,"School children, College students ",,,Primary data ,Survey data ,Surveys,,,,Surveys,Multiple Linear Regression Analysis,Content Analysis,Factor Analysis,Mixed-approach,Low Quality 
141,https://www.google.com/url?sa=t&source=web&rct=j&opi=89978449&url=https://static1.squarespace.com/static/5b85162bcc8fedc767ff5676/t/64a771e934124a607931cf8b/1688695276116/JGB%2B1719.edited.pdf&ved=2ahUKEwj-gMCzuMCLAxXihf0HHay5Fd4QFnoECBMQAw&usg=AOvVaw1aShFrM-Nqtd0u4x7_496K,n.d,Journal of Global Business,Included,5445,IS THERE A PERSONALITY TRAIT WHICH CORRELATES TO GRAY CORRUPTION TOLERANCE IN A PHILIPPINE SHIPPING COMPANY?,"Mateo, Soren",Philippine,Asia,Southeast Asia,Empirical ,Not Mentioned ,Business transactions without official receipts,"""grease money"" for transaction facilitation",giving of gifts and extra payments.,,,Companies,Private Sector,Employees of the operations department of a Philippine Shipping Company,,Private Sector Professionals ,,,,,Primary data ,Survey data,Surveys,,,,Surveys,Descriptive Statistics; Regression Analysis,,,Quantitative ,Low Quality 
142,https://www.researchgate.net/publication/337706132_Operationalizing_High-Level_Corruption_Tolerance_in_Peru_Attitude-Behavior_Congruency_and_the_2006_Presidential_Elections,2014,,Included,5417,OPERATIONALIZING HIGH-LEVEL CORRUPTION TOLERANCE IN PERU: ATTITUDE-BEHAVIOR CONGRUENCY AND THE 2006 PRESIDENTIAL ELECTIONS,"Pozsgai-Alvarez, Joseph",Peru,The Americas,South America,Empirical ,Political Corruption,Not mentioned ,,,,,Not mentioned ,Not Classified,Citizens,,,Citizens ,,,,Secondary data ,LAPOP‚Äôs AmericasBarometer on casted votes for the Peruvian presidential elections of 2006 data. ,Surveys,,,,Surveys,Regression Analysis,,,Quantitative ,High Quality 
143,https://ajpssi.org/index.php/ajpssi/article/view/614,2024,AFRICAN JOURNAL FOR THE PSYCHOLOGICAL STUDIES OF SOCIAL ISSUES,Included,5434,"PERCEIVED OCCUPATIONAL RISK AND CORRUPTION TOLERANCE IN HEALTHCARE 
WORKERS: MEDIATORY ROLES OF PERCEIVED ORGANIZATIONAL SUPPORT","Ogunbamila, Adepeju; Ogunbamila, Bolanle; Ajileye, Tolulope Abraham ",Nigeria ,Africa,Sub-Saharan Africa,Empirical ,Not Mentioned ,Not mentioned ,,,,,Public healthcare facilities ,Public Sector,healthcare workers,Civil servants ,,,,,,Primary data ,Survey data ,Surveys,,,,Surveys,Regression Analysis,,,Quantitative ,High Quality 
144,https://www.ceeol.com/search/article-detail?id=1262725,2023, Journal of Comparative Research in Anthropology and Sociology,Included,5377,PUBLIC TOLERANCE OF CORRUPTION: ROMANIA IN THE EUROPEAN CONTEXT,"Ivan, Bogdan",EU Countries,Europe,EU Countries,Empirical ,Not Mentioned ,Not mentioned ,,,,,Health sector ,Public Sector,Romanians ,,,Citizens ,,,,Secondary data ,Eurobarometer 523 (97.2) data ,Surveys,,,,Surveys,Descriptive Statistics,Regression Analysis,Correlational Analysis / Secondary Analysis ,Quantitative,High Quality 
145,https://www.google.com/url?sa=t&source=web&rct=j&opi=89978449&url=https://www.policija.si/images/stories/Publikacije/RKK/PDF/2014/04/RKK2014-04_JiriBurianek_TolerantTowardsCrimeConcernedWithCorruption.pdf&ved=2ahUKEwiyz9fNvMCLAxWA9bsIHQRoBdwQFnoECCAQAQ&usg=AOvVaw2g5lc3I6WyD-3mHqOzeUJ-,2014,Journal of Criminal Investigation & Criminology / Revija za Kriminalistiko in Kriminologijo,Included,5249,"TOLERANT TOWARDS CRIME, CONCERNED WITH CORRUPTION: THE CZECH CASE","Burianek, Jiri",Czech Republic,Europe,Eastern Europe,Empirical ,Everyday Corruption ,Bribery ,,,,,Government institutions,Public Sector,Adults,,,,,Adults ,,Secondary data ,Observational ,Surveys,,,,Surveys,Descriptive Statistics,,,Quantitative,Low Quality 
146,https://www.google.com/url?sa=t&source=web&rct=j&opi=89978449&url=https://docsdrive.com/%3Fpdf%3Dmedwelljournals/sscience/2016/6475-6480.pdf&ved=2ahUKEwjay63avMCLAxXJg_0HHS6-BU0QFnoECBUQAQ&usg=AOvVaw3D9_iXOkqaSUAd8adDP1tr,2016,The Social Sciences,Included,5310,TYPES OF ATTITUDES IN STUDENTS TO BRIBERY AS THE FORM OF CORRUPTION,"Dzhaneryan, Svetlana",Russia,Europe,Russia & Former Soviet States,Empirical ,Not clear ,Bribery,,,,,University,Educational Setting,University students,,,,University students ,,,Primary data ,Survey data,Surveys,,,,Surveys,Factor Analysis by Principal Component Analysis,Content Analysis,,Mixed-approach,Low Quality
147,10.1037/xge0001664,2024,Journal of Experimental Psychology: General,Included,147,Does Governmental Corruption Aid or Hamper Early Moral Development? Insights From the Dominican Republic and United States Contexts ,"Reyes-Jaquez, B., & Koenig, M. A. (2024). Does governmental corruption aid or hamper early moral development? Insights from the Dominican Republic and United States contexts. Journal of Experimental Psychology: General, 153(11), 2810–2821. https://doi.org/10.1037/xge0001664",Dominican Republic ,Dominican Republic ,North America (Caribbean),Empirical (Studies are classified as empirical if they collect numerical data and analyze it using a statistical method),Petty Corruption,Bribery,,,,,The study was conducted in a private space in participants’ schools. ,Educational Setting,Children,,,,,,,Primary Data,Experimental and vignettes data,,,,,Experiments,,,,,High Quality
148,10.26754/ojs_ried/ijds.10548 ,2024,Iberoamerican Journal of Development Studies,Included,148,Youth's tolerance of corruption: exploring the influence of sensitivity to monetary inequity and sociodemographic factors ,"Gutiérrez-Romero MF, Giraldo-Huertas JJ, Alonso-Díaz S, Ibarra-Barajas M, Moreno-Sierra M, Rome- ro-Mora S, Rubiano-Quintero MJ (2024). Youth’s tolerance of corruption: exploring the influence of sensitivity to monetary inequity and sociodemographic factors. Iberoamerican Journal of Development Studies 13(2):120-148. DOI: 10.26754/ojs_ried/ijds.10548",Colombia,Colombia,South America,Empirical (Studies are classified as empirical if they collect numerical data and analyze it using a statistical method),Petty Corruption,Bribery ,,,,,Not mentioned,Not Classified,"University students, Young Adults",,,,,,,Primary Data,Experimental,,,,,Experiments,,,,,High Quality
149,10.1108/QROM-09-2023-2603 ,2024,Qualitative Research in Organizations and Management: An International Journal,Included,149,"A grounded theory of tolerance of corruption in public organizations: emotion, rationalization and whistleblowing – the Colombian case","Diego Alejandro Peralta-Borray, Johana Sareth Acuña, Sebastián Zapata; A grounded theory of tolerance of corruption in public organizations: emotion, rationalization and whistleblowing – the Colombian case. Qualitative Research in Organizations and Management: An International Journal 3 December 2024; 19 (3): 203–225. https://doi.org/10.1108/QROM-09-2023-2603",Colombia ,Colombia ,South America,Empirical (Studies are classified as empirical if they collect numerical data and analyze it using a statistical method),Bureaucratic corruption,Not mentioned,,,,,Not mentioned,Not Classified,Civil servants,,,,,,,Primary Data,Interview data,,,,,Interviews,,,,,High Quality
150,10.1002/pchj.737 ,2024,PsyCh Journal ,Included,150,Dispositional awe negatively predicts corruption via the sense of connectedness ,"Jiao, L., & Luo, L. (2024). Dispositional awe negatively predicts corruption via the sense of connectedness. PsyCh Journal, 13(4), 608–615. https://doi.org/10.1002/pchj.737",China ,China ,East Asia ,Empirical (Studies are classified as empirical if they collect numerical data and analyze it using a statistical method),Everyday Corruption,Bribery,,,,,Online,Online Setting,"University, Citizens",,,,,,,Primary Data,Survey data,,,,,Surveys,,,,,Medium Quality
