Variable,Category,Notes
[Architectural_Features | Percentage,,
[Physical_Accessibility | Percentage,,
[Public_Facilities | Percentage,,
[Residential_Units | Number,,
[Social_Accessibility | Distance,,
0%; distance inversely related to targeting likelihood. | Percentage,,
000) | Number,,
001) | Number,,
"028, Root likelihood for mixed logit = 0.151 | Number",,
06 for residential burglary). | Number,,
"065 for bars, 1.302 for night shops, 1.084 for nightclubs, 1.058 for restaurants, 1.235 for schools, and 1.034 for residential units. | Number",,
"070 (juvenile), OR = 1.092 (young adult); transportation hubs: OR = 1.035 (young adult), OR = 1.075 (adult); distance of journey to crime: OR = 0.194 (juvenile), OR = 0.212 (young adult), OR = 0.227 (adult). | Distance",,
08 (full model) and 2.34 (restricted sample). | Number,,
114. | Number,,
"13. A 10-unit increase in ethnic heterogeneity increases the odds by a factor of 1.15. A 1-kilometer decrease in distance from the offender's home increases the odds by a factor of 1.67. A 1,000-unit increase in residential units increases the odds by a factor of 1.35. | Distance",,
"147), sports stadiums (OR=0.816), transportation hubs (OR=1.052), subway stations (OR=1.038). | Number",,
"19, 0.23, 0.26 | Number",,
2%; each unit increase in pedestrian-oriented street density increases group crime rate by 2.8%. | Percentage,,
22 to 235 times more likely to offend near certain activity nodes. | Number,,
25 for both models | Number,,
"25, 0.30 | Number",,
25. | Number,,
"264, Model 2 = 0.285, Model 3 = 0.283, Model 4 = 0.289 | Number",,
27 to 0.36. | Number,,
"3 to 28.4 (× 10 -4 ), indicating better fit than CL and null models. | Number",,
"304, Model 2 = 0.479, Model 3 = 0.490 | Number",,
35 and 0.42 | Number,,
35 for not being arrested. | Number,,
38 for same weekend day; OR = 25.77 for same weekend day with zero-hour difference. | Number,,
"4%, hospitals by 13.5%, non-locals by 19.8%. | Percentage",,
"48 and 4.45, respectively. | Number",,
"48), ease of escape (OR = 1.61), accessibility (OR = 1.46). | Distance",,
5% of addresses; could not identify offenders across multiple robberies. | Percentage,,
"6 for same LSOA within 2 days, 3.6 for same MSOA within 2 days; distance from residence decreases odds by 42% per kilometer. | Percentage",,
6 million | Number,,
"6; OR for very frequently visited nodes = 7,845.3. | Number",,
"61 for distance, e  = 1.77 for major roads, e  = 13.78 for military bases or police stations. | Distance",,
63 and a maximum VIF of 2.49. | Number,,
"67 (The Hague), 1.90 (Birmingham), 1.21 (Brisbane); for single-family dwellings: 1.19 (The Hague), 1.12 (Birmingham), 1.13 (Brisbane); for number of households: 1.34 (The Hague), 1.76 (Birmingham), 1.47 (Brisbane). | Number",,
"7 for one offender's current home, 44.05 for two/three offenders' current home, 3.01 for one offender's previous home, 4.8 for one offender's previous crime location. | Number",,
"70), number of residential units (1.05), proportion of single-family dwellings (1.06), number of past residential burglaries (1.16), past residential burglary rate (1.79). | Percentage",,
"87, Model 2 = 17446.9 | Number",,
"88), former familial residential areas (OR = 1.37). | Number",,
91 for juveniles and 2.77 for adults; native Dutch burglars decrease choice probability by a factor of 0.92 for ethnically mixed areas. | Number,,
"958km^2. Spatial knowledge moderates the relationship between social contexts and physical disorder, particularly in places different from residential spaces. | Rate",,
993 for Model 2 | Number,,
A i/J i | Binary,,
Accessibility | Binary,,
Accessibility | Distance,,
Accessibility Along Main Streets | Binary,,
Accessibility based on distance | Distance,,
Accessibility Measure | Distance,,
Accessibility of a block | Binary,,
Accessibility of the location | Distance,,
Accessibility: Block on main street | Binary,,
Accessibility: Block with El station | Binary,,
Accessible residential properties | Number,,
Activity Level | Number,,
Activity Nodes | Number,,
Activity spaces | Number,,
Adjacency | Binary,,
Affluence | Number,,
Affluence Measures | Number,,
Affluence Measures | Percentage,,
Age | Number,,
Age | Percentage,,
Age Composition | Percentage,,
Age Distribution | Number,,
Age group | Binary,,
"Age groups (juvenile, young adult, adult) | Percentage",,
Age of Burglar | Number,,
Age of burglars | Number,,
Age of offenders | Number,,
Age structure | Binary,,
Age structure of offenders | Number,,
Ambient Guardianship | Number,,
Ambient population | Number,,
Amount of Lost Property or Money | Number,,
Annual Increase Rate | Percentage,,
Anonymity | Number,,
Area Characteristics | Number,,
Arrest data | Number,,
ATMs | Number,,
ATMs and banks | Number,,
Attractive Targets | Number,,
Auto-oriented street density | Distance,,
Auto-Oriented Street Density | Distance,,
Automatic teller machines (ATMs) | Number,,
Availability of potential targets | Number,,
Average Crime Trip Distance | Distance,,
Average Distance Replacement | Distance,,
Average Distance Traveled | Distance,,
Average house price | Number,,
Average House Price | Number,,
Average journey-to-crime distance | Distance,,
Average length of street segments | Distance,,
Average population per ward | Number,,
Average population size | Number,,
Average real estate value of residential units | Percentage,,
Average rent price | Number,,
Average Residential Real Estate Value | Percentage,,
Average Value of Properties | Number,,
Average Value of Residential Properties | Percentage,,
Banks | Number,,
Barber shops and beauty salons | Number,,
"Barriers (e.g., wide rivers) | Number",,
Bars | Number,,
Bars and Clubs | Binary,,
Bars and clubs | Number,,
Bars and taverns | Number,,
"Bars, clubs, coffeeshops, and smartshops | Number",,
Bars/nightlife | Number,,
Basic stores | Number,,
Betweenness | Distance,,
Birth | Percentage,,
Birthplace | Percentage,,
Block population | Number,,
Bridges | Distance,,
Broken Windows | Number,,
Building Type | Binary,,
Building Type | Percentage,,
Buildings along the street | Number,,
Bus Stations | Binary,,
Bus stations | Number,,
Bus stop data | Number,,
Bus Stops | Distance,,
Bus stops | Number,,
Bus Stops | Number,,
Business density | Binary,,
Car parks | Number,,
Carparks | Number,,
"Cash-intensive businesses (check-cashing outlets, ATMs, pawn shops, bars) | Number",,
Catering Businesses | Binary,,
CCTV cameras | Number,,
Census Data | Number,,
Centering of Distance Measures | Distance,,
Central Heating and/or Air-Conditioning System | Binary,,
Check-cashing outlets | Number,,
Childbirth | Percentage,,
Cinemas | Number,,
City Center Proximity | Distance,,
City Centers | Distance,,
Clearance rate of theft from the person | Percentage,,
Closeness Centrality | Number,,
Collective efficacy | Index,,
Collective efficacy | Number,,
Collective Efficacy | Number,,
Commercial interfaces | Percentage,,
"Community categorization by majority population type (local, domestic migrant, mixed) | Binary",,
Concentrated Disadvantage | Percentage,,
Concentrated Disadvantage | Rate,,
Concentrated Disadvantage Index | Rate,,
Concentric zone model | Distance,,
Connectivity via major roads | Binary,,
Connectors - Train Network | Binary,,
"Connectors (e.g., transit lines) | Number",,
Construction Type | Binary,,
Contagion | Number,,
Contagion measure | Number,,
Contiguity Order | Distance,,
Crime attractors | Binary,,
Crime attractors | Number,,
Crime Attractors | Number,,
Crime committed in neighbourhood | Binary,,
Crime detractors | Number,,
Crime generators | Rate,,
Crime generators and attractors | Number,,
Crime prevention | Percentage,,
"Crime year specific numbers of retail facilities, schools, cultural, health care, and sports/leisure facilities | Number",,
Cross-Validation | Number,,
Cultural facilities | Number,,
Culture | Number,,
"Culture, health-care, and sports/leisure facilities | Number",,
"Culture, Health-Care, and Sports/Leisure Facilities | Number",,
Cybercafés | Binary,,
Cybercafés | Number,,
Cybercafés and sports stadiums | Number,,
D ij | Distance,,
D.HIGHWAY | Distance,,
D.HOSPITAL | Distance,,
Daily human mobility | Index,,
Daily human mobility | Number,,
Daily Human Mobility | Number,,
Date of Belgian Land Registry data | Number,,
Day-of-week effects | Binary,,
Day-of-week weighting | Number,,
Day of Week | Number,,
Death | Percentage,,
Demographic Characteristics of Offenders | Number,,
Demographic Profile Variables | Number,,
Density of road network | Density,,
Density of road network | Percentage,,
Density of Road Network | Percentage,,
Deprivation | Index,,
Deprived areas/cash economies | Number,,
Discrete Choice Approach | Number,,
Discrete Choice Modeling Framework | Number,,
Distance | Distance,,
Distance Bands | Distance,,
Distance between burglar's home and target address | Distance,,
Distance between current residence and crime location | Distance,,
Distance Between Neighbourhoods | Distance,,
Distance between offender homes and robbery locations within census block | Distance,,
Distance between the offender's residential area and the crime location | Distance,,
Distance decay | Percentage,,
Distance decay pattern | Rate,,
Distance from Activity Space | Distance,,
Distance from city center | Distance,,
Distance from current residential area to the target area | Distance,,
Distance from home | Distance,,
Distance from Home | Distance,,
Distance from home to crime location | Distance,,
Distance from offender's home | Distance,,
Distance from offender's residence | Distance,,
Distance from Prior Crime | Distance,,
Distance from Residential Area to Target Areas | Distance,,
Distance from the city centre | Distance,,
Distance from the offender's home | Distance,,
Distance Measure | Distance,,
Distance of journey to crime | Distance,,
Distance of Journey to Crime | Distance,,
Distance of Journey to Prior Robbery | Distance,,
Distance of Journey to Subsequent Robbery | Distance,,
Distance squared | Distance,,
Distance Squared | Distance,,
Distance to city center | Distance,,
Distance to City Center | Distance,,
Distance to city centre | Distance,,
Distance to crime | Distance,,
Distance to nearest main road | Distance,,
Distance to nearest street corner | Distance,,
Distance to Offender's Residence | Distance,,
Distance to Prior Crime Location | Distance,,
Distance to Residence | Distance,,
Distance to the nearest highway ramp | Distance,,
Distance to ward centroids | Distance,,
Distance Values | Distance,,
Distance within same postal code area | Distance,,
Divorce | Percentage,,
Dominant land use function | Binary,,
Drug markets | Number,,
DST were removed due to uniform distribution. | Number,,
Duration Hypothesis | Percentage,,
Duration of residence | Percentage,,
Duration of Residence | Percentage,,
Ease of Escape | Distance,,
Economic Inequality | Number,,
Education level | Binary,,
Education Level | Percentage,,
"Educational institutions (schools, colleges) | Percentage",,
Educational level | Binary,,
Educational Qualifications | Percentage,,
Employee Density | Distance,,
Employee density | Percentage,,
Entertainment venues | Number,,
Entertainment Venues | Number,,
Estimated Travel Time | Number,,
Ethnic-heterogeneity | Index,,
Ethnic background | Binary,,
Ethnic Composition | Percentage,,
Ethnic composition of population in postal code areas | Percentage,,
Ethnic Diversity | Binary,,
Ethnic Diversity | Index,,
Ethnic diversity | Number,,
Ethnic heterogeneity | Index,,
Ethnic Heterogeneity | Index,,
Ethnic Heterogeneity | Number,,
Ethnic Heterogeneity | Percentage,,
Ethnic Origin of Burglar | Binary,,
Ethnic Origin of Burglar | Number,,
Ethnicity | Binary,,
Ethnicity/race | Number,,
Euclidean distance | Distance,,
Euclidean Distance | Distance,,
Euclidean distances between census units | Distance,,
Euclidean distances between offender homes and census block midpoints | Distance,,
Exclusion of census units due to limited mobility data | Number,,
Exclusion of February | Number,,
F ij | Binary,,
Facilities | Number,,
FAM.DENSITY | Density,,
Fences | Percentage,,
Fixed effects analysis | Number,,
Foreign-born residents | Percentage,,
Gang territorial dissimilarity | Number,,
Gas stations | Number,,
GDP | Number,,
Gender | Binary,,
Gender | Percentage,,
Gender of burglars | Percentage,,
Gender of offenders | Percentage,,
Gender ratio of offenders | Percentage,,
General activity level | Number,,
General activity level of the location | Number,,
General merchandise shops | Number,,
Geocoded Neighbourhoods | Number,,
Geographical location of study area | Number,,
Ghosh distance | Distance,,
Gini Coefficient | Index,,
Going out | Number,,
Grass | Percentage,,
Grocers | Number,,
Grocers and terminal markets | Number,,
Grocery stores | Number,,
Guardianship | Index,,
Hangouts and loitering hotspots | Number,,
Health care | Number,,
Health care institutions | Number,,
High Schools | Binary,,
High schools | Number,,
Higher altitude | Number,,
Higher population turnover rates | Rate,,
Higher real estate values | Number,,
History Hypothesis | Binary,,
Home-crime distance distribution | Distance,,
Home-to-crime distance | Distance,,
Home-to-Target Distance | Distance,,
Home Hypothesis | Binary,,
Home Location | Percentage,,
Home occupancy in residential neighbourhoods | Number,,
Home ownership | Percentage,,
Home Ownership | Percentage,,
Hospitals | Number,,
Hotels | Number,,
Hotels Restaurants Bars | Number,,
"Hotels, restaurants, and bars | Number",,
House type | Binary,,
Household Composition | Number,,
Household Count | Number,,
Household Size | Number,,
Household size/composition | Number,,
Household Size/Composition | Number,,
Housing Characteristics | Binary,,
Hukou status | Binary,,
Hukou status | Percentage,,
Hukou Status | Percentage,,
Idiosyncratic Farness | Number,,
Index of Multiple Deprivation (IMD) | Index,,
Indigenous Status | Binary,,
Informal Social Control | Number,,
Interaction Terms | Number,,
Intersections | Distance,,
Jewelry shops | Number,,
Jobs | Number,,
Journey-to-crime | Distance,,
Journey-to-crime distance | Distance,,
Journey-to-Crime Distance | Distance,,
Journey to crime | Distance,,
Jurisdictional Dummies | Binary,,
Labor-intensive industrial cluster | Number,,
Land Use - Population Density | Number,,
Land Use - Suburb Size | Distance,,
Land use and activities | Number,,
Laundromats | Number,,
Lawns | Number,,
Level of urbanization | Index,,
Level of Urbanization | Number,,
Likelihood of successful completion | Number,,
Limited social network overlap | Number,,
Liquor stores | Number,,
Location | Number,,
Logged distance of journey to crime | Distance,,
Low educational attainment | Percentage,,
Major Road | Binary,,
Major Roads | Binary,,
Major thoroughfares | Binary,,
Malls and Supermarkets | Binary,,
Malls and supermarkets | Number,,
Marital Status | Percentage,,
Markets | Number,,
Marriage | Percentage,,
Marriage halls | Percentage,,
Mean housing repayment | Number,,
Mean Income per Resident | Number,,
Mean population | Number,,
Mean value of residential property | Number,,
Median Distance | Distance,,
Median Home Value | Number,,
Median income | Number,,
Median Income | Number,,
Median Nearest Neighbor Distance | Distance,,
Median Residential Population | Number,,
Median Weekly Income Bracket | Number,,
"Medical facilities (hospitals, medical services) | Number",,
Middle schools | Number,,
Migration status | Percentage,,
Military Base | Binary,,
Mixed land-use | Binary,,
Mobile phone data | Number,,
Mobility of burglars | Number,,
Moran's I Statistic | Number,,
Movement Potential | Number,,
Nationality | Percentage,,
Natural log of the number of households | Number,,
Negative log of distance | Distance,,
Neighbourhood Boundaries | Number,,
Neighbourhood disorder | Index,,
Neighbourhood Proximity | Distance,,
Neighbourhood routinely visited at different time of day as crime event | Binary,,
Neighbourhood routinely visited at same time of day as crime event | Binary,,
Neighbourhoods of offenders' activity nodes | Number,,
Network Distance | Distance,,
Newer Buildings | Binary,,
Newer buildings | Number,,
Night Shops | Number,,
Nightclubs | Number,,
Non-residential census blocks | Number,,
Non-Western Background | Percentage,,
Normalization of Data | Number,,
Not Arrested in the Act of Prior Robbery | Binary,,
Number of bars/restaurants/hotels | Rate,,
Number of boundaries shared with public areas | Number,,
Number of business units for industries targeted in commercial robbery | Number,,
Number of business units for targeted industries | Number,,
Number of business units in any industry | Number,,
Number of business units in commercial industries | Number,,
Number of business units in commercial or public industries | Number,,
Number of business units in industry categories | Number,,
Number of cars parked on a parking lot | Number,,
Number of commercial or public business units | Number,,
"Number of Culture, Health-Care, and Sports/Leisure Facilities | Number",,
Number of dwellings | Number,,
Number of employees | Number,,
Number of escape routes | Number,,
Number of Floors | Number,,
Number of Hotels Restaurants Bars | Number,,
"Number of hotels, restaurants, and bars | Number",,
"Number of hotels, restaurants, bars, schools, cultural facilities, health care institutions, and sport and leisure facilities | Number",,
Number of households | Number,,
Number of Households | Number,,
Number of households in a community | Number,,
Number of households in SA2 | Number,,
Number of households in the SA2 | Number,,
Number of past residential burglaries | Number,,
Number of people on the street | Number,,
Number of people working | Number,,
Number of People Working | Number,,
Number of PIRA members | Number,,
Number of potential targets | Number,,
Number of premises per SA2 | Number,,
Number of Properties | Percentage,,
Number of properties in a neighbourhood | Number,,
Number of Residential Properties | Number,,
Number of residential units | Number,,
Number of Residential Units | Number,,
Number of residential units in postal code areas | Number,,
Number of Residents | Number,,
Number of residents with a non-Western ethnic background | Number,,
Number of retail stores | Number,,
Number of Retail Stores | Number,,
Number of Schools | Number,,
Number of single-person households | Number,,
Number_of_Employees | Number,,
Offender's current or former residence | Binary,,
Offender Residence-Crime Proximity | Distance,,
Old urban areas and urban villages | Number,,
Opportunity | Number,,
Opportunity measures | Number,,
Opportunity Variables | Number,,
P.CARE.PH | Number,,
Parks | Binary,,
Parks | Number,,
Past residential burglary rate | Rate,,
Pawn shops | Number,,
"Pawnshops, currency exchange, and check-cashing services | Number",,
Pedestrian-oriented street density | Distance,,
Pedestrian-Oriented Street Density | Distance,,
Pedestrian Travel Time | Number,,
People Working | Number,,
Percent Black Residents | Percentage,,
Percent Latino Residents | Percentage,,
Percent lowly-rent houses | Percentage,,
Percent migrants | Percentage,,
Percent Occupied Housing Units | Percentage,,
Percentage of Black Residents | Percentage,,
Percentage of Latino Residents | Percentage,,
Percentage of Occupied Units | Percentage,,
Percentage of owner-occupied dwellings | Percentage,,
Percentage of Owner-Occupied Properties | Percentage,,
Percentage of Residents Below Poverty | Percentage,,
Percentage of single-family dwellings | Percentage,,
Percentage of single-person households | Percentage,,
Percentage of Single-Person Households | Percentage,,
Percentage of Unemployed | Percentage,,
"Personal care facilities (barbershops, beauty parlors) | Number",,
Physical accessibility | Percentage,,
Physical Barriers - Major Roads | Binary,,
Physical Barriers - Swan River | Binary,,
Physical Barriers | Number,,
Physical disorder | Number,,
Physical Disorder | Number,,
Plants | Percentage,,
POI data | Number,,
Points of Interest | Number,,
Police Station | Binary,,
Population (log) | Number,,
Population | Number,,
Population Churn Rates | Rate,,
Population density | Distance,,
Population Density | Distance,,
Population density | Number,,
Population Density | Number,,
Population Distribution | Percentage,,
Population percentages of 15-25-year-old | Percentage,,
"Population percentages of 15-25-year-old, foreign-born, and single residents | Percentage",,
Population size | Number,,
Population Size | Number,,
Population turnover | Number,,
Population Turnover | Number,,
Population turnover | Percentage,,
Population Turnover | Percentage,,
Population Turnover | Rate,,
Postal code area characteristics | Number,,
Postal Code Areas | Number,,
Potential Customer Density | Distance,,
Poverty | Percentage,,
Poverty level | Number,,
Poverty Level | Number,,
Presence of activity nodes in SA2 | Binary,,
Presence of Bars | Binary,,
Presence of Bus Stations | Binary,,
Presence of business | Binary,,
Presence of catering businesses | Binary,,
Presence of El stations | Binary,,
Presence of facilities | Number,,
Presence of High Schools | Binary,,
Presence of high schools | Number,,
Presence of illegal cash economies | Binary,,
Presence of illegal cash economies | Number,,
Presence of illegal markets | Number,,
Presence of legal cash economies | Binary,,
Presence of legal cash economies | Number,,
Presence of locks and escape routes | Number,,
Presence of Night Shops | Binary,,
Presence of Nightclubs | Binary,,
Presence of Restaurants | Binary,,
Presence of retail and entertainment businesses | Number,,
Presence of Retail and Entertainment Businesses | Number,,
Presence of retail businesses | Binary,,
Presence of Rooftop Living Floor | Binary,,
Presence of schools | Binary,,
Presence of Schools | Binary,,
Presence of Schools | Number,,
Presence of Train Stations | Binary,,
Presence of Trees | Binary,,
Presence of underground station | Binary,,
Previous crime location | Binary,,
Previous Crime Location | Binary,,
Previous Crime Location | Number,,
Previous crime location on different week part | Binary,,
Previous crime location on different weekday | Binary,,
Previous crime location on different weekend day | Binary,,
Previous crime location on same weekday | Binary,,
Previous crime location on same weekend day | Binary,,
Previous crime location with a . . . hour difference | Binary,,
Previous Home Location | Percentage,,
Primary schools | Number,,
Prior burglary in neighborhood | Binary,,
Prior crime locations | Binary,,
Prior crimes | Number,,
Prior Offenses | Number,,
Property at end of row | Binary,,
Property setback from street | Binary,,
Propinquity | Distance,,
Proportion of buildings built after 2000 | Percentage,,
Proportion of foreigners | Percentage,,
Proportion of high-rise buildings | Percentage,,
Proportion of high-rise residential buildings | Percentage,,
Proportion of houses built after 2000 | Percentage,,
Proportion of local residents with ZG city Hukou status | Percentage,,
Proportion of migrants | Percentage,,
Proportion of newcomers | Percentage,,
Proportion of non-locals | Percentage,,
Proportion of Non-Western Residents | Percentage,,
Proportion of residents with a non-western background | Percentage,,
Proportion of residents with a non-Western background | Percentage,,
Proportion of Residents with a Non-Western Background | Percentage,,
Proportion of residents with a non-Western ethnic background | Percentage,,
Proportion of Residents with a Non-Western Ethnic Background | Percentage,,
Proportion of single-family dwellings | Percentage,,
Proportion of Single-Family Dwellings | Percentage,,
Proportion of single-person households | Percentage,,
Proportion of Single-Person Households | Percentage,,
Proportion of young adults | Percentage,,
Proportion of youngsters | Percentage,,
Proportion of Youngsters | Percentage,,
Proportion rental units | Percentage,,
Prostitution markets | Number,,
Proximity | Distance,,
Proximity Hypothesis | Distance,,
Proximity to Activity Nodes | Binary,,
Proximity to Burglar's Home | Distance,,
Proximity to CBD | Distance,,
Proximity to Central Business District | Distance,,
Proximity to city center | Distance,,
Proximity to City Center | Distance,,
Proximity to City Centre | Distance,,
Proximity to El Stations | Binary,,
Proximity to Offender's Home | Distance,,
Proximity to Residential Area | Binary,,
Pseudo-R 2 | Number,,
Public facilities in the central business district | Percentage,,
Public transport usage | Percentage,,
Racial and Ethnic Background | Percentage,,
Racial and ethnic background of offenders | Binary,,
Racial and ethnic composition | Percentage,,
Racial and Ethnic Composition | Percentage,,
Racial and ethnic composition of the population | Binary,,
Racial and ethnic dissimilarity | Number,,
Racial and ethnic segregation | Binary,,
Racial Composition | Percentage,,
Racial/ethnic composition | Binary,,
Racial/Ethnic Composition | Number,,
Racial/Ethnic Heterogeneity | Index,,
Racial/Ethnic Heterogeneity | Number,,
Radius of Gyration | Percentage,,
Random Sampling | Number,,
Random Utility Model | Number,,
Real Estate Value | Percentage,,
Real Estate Value of Residences | Index,,
Recency Hypothesis | Binary,,
Recency of Prior Crimes | Number,,
Recency Variables | Binary,,
Recognition as strangers | Binary,,
Relative Mobility | Percentage,,
"Religious facilities (temples, churches, mosques) | Percentage",,
"Rent categories (no rent, low, medium, high) | Binary",,
Rental Status | Binary,,
Rental Units | Percentage,,
Residence-crime proximity | Distance,,
Residences | Number,,
Residential addresses | Percentage,,
Residential Area Variables | Percentage,,
Residential Churn | Index,,
Residential density | Distance,,
Residential Density | Distance,,
Residential Instability | Number,,
Residential mobility | Index,,
Residential Mobility | Number,,
Residential mobility | Percentage,,
Residential Mobility | Percentage,,
Residential Mobility | Rate,,
Residential Mobility Rates | Rate,,
Residential Population Density | Distance,,
Residential population density | Percentage,,
Residential Real Estate Value | Number,,
Residential segregation | Percentage,,
Residential Stability | Index,,
Residential Stability | Percentage,,
Residential units' visible cues | Number,,
Residential Units | Number,,
Restaurants | Number,,
"Restaurants, fast-food outlets, and food stands | Number",,
Retail activities | Number,,
Retail Businesses | Binary,,
Retail businesses | Percentage,,
Retail Centers | Number,,
Retail employment | Density,,
Retail stores | Number,,
Retail Stores | Number,,
River | Binary,,
River as barrier | Binary,,
River Thames | Number,,
Road Network Configuration | Percentage,,
Road network data | Distance,,
Road Structure | Rate,,
Robust Standard Errors | Number,,
Routine activities | Number,,
Routine Activities | Number,,
Routine activity nodes | Number,,
Routine Activity Nodes | Number,,
Schools | Binary,,
Schools | Number,,
Seasonal measurement period | Number,,
Seemingly Unrelated Estimation | Number,,
Selection of weekdays | Number,,
Series of Models | Number,,
Sex | Binary,,
Sex of offenders | Number,,
Shared Awareness Space | Percentage,,
Shopping | Number,,
Shopping Centers | Number,,
Shopping malls | Number,,
Shops facing the street | Number,,
Shortest travel path | Distance,,
Sidewalks | Percentage,,
Single-Parent Households | Percentage,,
Single-Person Households | Percentage,,
Single residents | Percentage,,
Social Barriers | Index,,
Social Barriers | Number,,
Social barriers based on Hukou status | Binary,,
Social cohesion | Index,,
Social Cohesion | Index,,
Social cohesion | Number,,
Social Cohesion | Number,,
Social cohesion and collective efficacy | Number,,
Social Control | Number,,
Social Disorder | Number,,
Social Disorganization | Index,,
Social Disorganization | Number,,
Social disorganization | Percentage,,
Social Trust | Number,,
Socially organized areas | Number,,
Socio-Economic Index for Areas (SEIFA) | Index,,
Socioeconomic heterogeneity | Index,,
Socioeconomic Heterogeneity | Index,,
Socioeconomic Heterogeneity | Number,,
Solo Crime Rate | Rate,,
Spatial boundaries | Number,,
Spatial Competition | Percentage,,
Spatial competition variable | Number,,
Spatial Competition Variable | Number,,
Spatial Lag | Binary,,
Spatial Lag Operator | Number,,
Spatial Lags | Distance,,
Spatial Lags | Number,,
Spatial Unit | Number,,
Sport and leisure facilities | Number,,
Sports activities | Number,,
Sports and leisure facilities | Number,,
Sports stadiums | Number,,
Street permeability | Number,,
Street Segment Type | Binary,,
Street Segments | Number,,
Streetlights | Number,,
Structural elements | Number,,
Subway Stations | Binary,,
Subway Stations | Distance,,
Subway stations | Number,,
Subway Stations | Number,,
Supermarkets | Number,,
Surveillability | Distance,,
Surveillance Cameras | Binary,,
Surveillance cameras | Number,,
SWEBER (spatially weighted burglar exposition rate) | Rate,,
T ij | Binary,,
Target Vulnerability | Percentage,,
Temporal Categories | Number,,
Temporal Filter | Number,,
Temporally optimized distance | Distance,,
Territoriality | Number,,
Thames River barrier | Binary,,
Through Movement | Number,,
Time-of-day effects | Binary,,
Time | Number,,
Time and Place of Incident | Number,,
Time elapsed since interview | Number,,
Time Interval Between Two Robberies | Number,,
Time of day | Binary,,
Time of Day | Number,,
Time of Offense | Number,,
Time Since Moved Out of the Area | Binary,,
Total number of business units | Number,,
Total number of households | Number,,
Total Number of Households | Number,,
Total number of residents | Number,,
Total number of residents in the census block | Number,,
Total Population | Number,,
Total Residential Units | Distance,,
Traffic road network vector map data | Number,,
Train Stations | Binary,,
Train stations | Number,,
Trams and Buses | Number,,
Transit Stations | Number,,
Transport hubs | Number,,
Transport Hubs | Number,,
Transportation Hubs | Binary,,
Transportation Hubs | Distance,,
Transportation hubs | Number,,
Transportation network accessibility | Distance,,
Travel Restrictions | Number,,
Trees | Number,,
Type of Street Segment | Binary,,
Types of housing | Binary,,
u 26 | Distance,,
u 27 | Distance,,
u 30 | Distance,,
u30 | Distance,,
u66 | Density,,
Underreporting of crimes | Percentage,,
Unit of Analysis | Number,,
Urban nature of the study area | Number,,
Vehicular Travel Time | Number,,
Victim Suburb Weekly Income | Number,,
Visiting frequency | Rate,,
W ij | Binary,,
Wald Tests | Number,,
Walls | Percentage,,
Ward Area | Percentage,,
Ward Population | Number,,
Wealth | Distance,,
Whether Offender Has Lived in the Area Before | Binary,,
Whether Offender Lives in the Area | Binary,,
Wholesale markets | Number,,
Windows | Percentage,,
Year dummies | Binary,,
