Study_Title,Demographic_Variables,Economic_Variables,Environmental_Variables,Distance_Variables,Temporal_Variables,Uncategorized_Variables,All_Variables
"""Location, Location, Location"": Effects of Neighborhood and House Attributes on Burglars' Target Selection",1. Population | Number; 2. Ethnic Heterogeneity | Percentage; 3. Household Size | Number; 4. Household Composition | Number; 5. Higher population turnover rates | Rate,1. Rental Units | Percentage; 2. Rental Status | Binary; 3. Median income | Number; 4. Proportion rental units | Percentage; 5. Higher real estate values | Number,1. Building Type | Binary; 2. Housing Characteristics | Binary,1. Residential density | Distance; 2. Residential Density | Distance; 3. Distance | Distance; 4. Distance from offender's home | Distance,1. Prior burglary in neighborhood | Binary,NA,1. Population | Number; 2. Ethnic Heterogeneity | Percentage; 3. Rental Units | Percentage; 4. Household Size | Number; 5. Household Composition | Number; 6. Rental Status | Binary; 7. Median income | Number; 8. Residential density | Distance; 9. Proportion rental units | Percentage; 10. Higher real estate values | Number; 11. Higher population turnover rates | Rate; 12. Residential Density | Distance; 13. Building Type | Binary; 14. Housing Characteristics | Binary; 15. Distance | Distance; 16. Prior burglary in neighborhood | Binary; 17. Distance from offender's home | Distance
A SENTIMENTAL JOURNEY TO CRIME: EFFECTS OF RESIDENTIAL HISTORY ON CRIME LOCATION CHOICE*,1. Population size | Number; 2. Population Size | Number,1. Poverty level | Number; 2. Poverty Level | Number,1. Residential addresses | Percentage,1. Distance from home to crime location | Distance; 2. Proximity Hypothesis | Distance,1. Time Since Moved Out of the Area | Binary,1. Percentage of single-person households | Percentage; 2. Level of urbanization | Index; 3. Birth | Percentage; 4. Death | Percentage; 5. Nationality | Percentage; 6. Marriage | Percentage; 7. Divorce | Percentage; 8. Childbirth | Percentage; 9. Home Hypothesis | Binary; 10. History Hypothesis | Binary; 11. Recency Hypothesis | Binary; 12. Duration Hypothesis | Percentage; 13. Percentage of Single-Person Households | Percentage; 14. Level of Urbanization | Number; 15. Whether Offender Lives in the Area | Binary; 16. Whether Offender Has Lived in the Area Before | Binary; 17. Duration of Residence | Percentage; 18. 1111/j.  1745-9125.2010.00190.x | Number,1. Population size | Number; 2. Percentage of single-person households | Percentage; 3. Level of urbanization | Index; 4. Birth | Percentage; 5. Death | Percentage; 6. Nationality | Percentage; 7. Marriage | Percentage; 8. Divorce | Percentage; 9. Childbirth | Percentage; 10. Residential addresses | Percentage; 11. Poverty level | Number; 12. Distance from home to crime location | Distance; 13. Home Hypothesis | Binary; 14. History Hypothesis | Binary; 15. Recency Hypothesis | Binary; 16. Duration Hypothesis | Percentage; 17. Proximity Hypothesis | Distance; 18. Population Size | Number; 19. Percentage of Single-Person Households | Percentage; 20. Poverty Level | Number; 21. Level of Urbanization | Number; 22. Whether Offender Lives in the Area | Binary; 23. Whether Offender Has Lived in the Area Before | Binary; 24. Duration of Residence | Percentage; 25. Time Since Moved Out of the Area | Binary; 26. 1111/j.  1745-9125.2010.00190.x | Number
A Time for a Crime: Temporal Aspects of Repeat Offenders' Crime Location Choices,1. Proportion of residents with a non-Western background | Percentage; 2. Population density | Distance,NA,NA,1. Euclidean distance | Distance; 2. Distance within same postal code area | Distance; 3. Accessibility based on distance | Distance; 4. Transportation network accessibility | Distance; 5. Distance from current residential area to the target area | Distance,1. Previous crime location on same weekday | Binary; 2. Previous crime location on different weekday | Binary; 3. Previous crime location on same weekend day | Binary; 4. Previous crime location on different weekend day | Binary; 5. Previous crime location on different week part | Binary; 6. Previous crime location with a . . . hour difference | Binary,1. Proportion of single-person households | Percentage; 2. Number of employees | Number; 3. Presence of facilities | Number; 4. Facilities | Number; 5. Spatial boundaries | Number; 6. Offender's current or former residence | Binary,1. Proportion of residents with a non-Western background | Percentage; 2. Proportion of single-person households | Percentage; 3. Population density | Distance; 4. Number of employees | Number; 5. Presence of facilities | Number; 6. Facilities | Number; 7. Euclidean distance | Distance; 8. Distance within same postal code area | Distance; 9. Accessibility based on distance | Distance; 10. Spatial boundaries | Number; 11. Transportation network accessibility | Distance; 12. Previous crime location on same weekday | Binary; 13. Previous crime location on different weekday | Binary; 14. Previous crime location on same weekend day | Binary; 15. Previous crime location on different weekend day | Binary; 16. Previous crime location on different week part | Binary; 17. Previous crime location with a . . . hour difference | Binary; 18. Offender's current or former residence | Binary; 19. Distance from current residential area to the target area | Distance
a_discrete_spatial_choice_model_of_burglary_target.pdf,1. Population size | Number; 2. Age of burglars | Number; 3. Gender of burglars | Percentage; 4. 5 million inhabitants | Number,NA,NA,1. Journey-to-crime distance | Distance; 2. Average journey-to-crime distance | Distance; 3. Shortest travel path | Distance; 4. Temporally optimized distance | Distance,NA,1. Construction Type | Binary; 2. Central Heating and/or Air-Conditioning System | Binary; 3. Number of Floors | Number; 4. Presence of Rooftop Living Floor | Binary; 5. Date of Belgian Land Registry data | Number; 6. Bootstrapping procedure | Percentage,1. Population size | Number; 2. Age of burglars | Number; 3. Gender of burglars | Percentage; 4. Construction Type | Binary; 5. Central Heating and/or Air-Conditioning System | Binary; 6. Number of Floors | Number; 7. Presence of Rooftop Living Floor | Binary; 8. Journey-to-crime distance | Distance; 9. Average journey-to-crime distance | Distance; 10. Shortest travel path | Distance; 11. Temporally optimized distance | Distance; 12. Date of Belgian Land Registry data | Number; 13. Bootstrapping procedure | Percentage; 14. 5 million inhabitants | Number
Adolescent offenders' current whereabouts predict locations of their future crimes,1. Gender | Binary; 2. Ethnic background | Binary; 3. Age structure | Binary,NA,NA,1. Distance from Activity Space | Distance; 2. Distance from Prior Crime | Distance; 3. Contiguity Order | Distance,1. Prior crime locations | Binary; 2. Day-of-week weighting | Number; 3. Time elapsed since interview | Number,1. Educational level | Binary; 2. Educational Qualifications | Percentage; 3. Points of Interest | Number; 4. Catering Businesses | Binary; 5. Retail Businesses | Binary; 6. Schools | Binary; 7. Presence of catering businesses | Binary; 8. Presence of retail businesses | Binary; 9. Presence of schools | Binary; 10. Radius of Gyration | Percentage; 11. Seasonal measurement period | Number; 12. Underreporting of crimes | Percentage; 13. 1371/journal.pone.0210733 | Number,1. Gender | Binary; 2. Ethnic background | Binary; 3. Age structure | Binary; 4. Educational level | Binary; 5. Educational Qualifications | Percentage; 6. Points of Interest | Number; 7. Catering Businesses | Binary; 8. Retail Businesses | Binary; 9. Schools | Binary; 10. Presence of catering businesses | Binary; 11. Presence of retail businesses | Binary; 12. Presence of schools | Binary; 13. Prior crime locations | Binary; 14. Radius of Gyration | Percentage; 15. Distance from Activity Space | Distance; 16. Distance from Prior Crime | Distance; 17. Contiguity Order | Distance; 18. Day-of-week weighting | Number; 19. Seasonal measurement period | Number; 20. Time elapsed since interview | Number; 21. Underreporting of crimes | Percentage; 22. 1371/journal.pone.0210733 | Number
Ambient population and surveillance cameras: The guardianship role in street robbers' crime location choice,1. Ambient population | Number,1. Economic Inequality | Number,1. Types of housing | Binary; 2. Density of Road Network | Percentage; 3. Density of road network | Percentage,1. Distance of Journey to Crime | Distance; 2. Bus Stops | Distance; 3. Transportation Hubs | Distance; 4. Subway Stations | Distance; 5. Distance of journey to crime | Distance; 6. Logged distance of journey to crime | Distance,NA,1. Hukou status | Binary; 2. Proportion of migrants | Percentage; 3. Proportion of youngsters | Percentage; 4. Socioeconomic heterogeneity | Index; 5. Social cohesion | Index; 6. Collective efficacy | Index; 7. GDP | Number; 8. Annual Increase Rate | Percentage; 9. Proportion of Youngsters | Percentage; 10. Malls and supermarkets | Number; 11. Grocers and terminal markets | Number; 12. Bars and clubs | Number; 13. Cybercafés and sports stadiums | Number; 14. High schools | Number; 15. ATMs and banks | Number; 16. Car parks | Number; 17. Surveillance cameras | Number; 18. Crime generators and attractors | Number; 19. Social disorganization | Percentage,1. Hukou status | Binary; 2. Proportion of migrants | Percentage; 3. Proportion of youngsters | Percentage; 4. Socioeconomic heterogeneity | Index; 5. Social cohesion | Index; 6. Collective efficacy | Index; 7. Types of housing | Binary; 8. GDP | Number; 9. Annual Increase Rate | Percentage; 10. Economic Inequality | Number; 11. Proportion of Youngsters | Percentage; 12. Malls and supermarkets | Number; 13. Grocers and terminal markets | Number; 14. Bars and clubs | Number; 15. Cybercafés and sports stadiums | Number; 16. High schools | Number; 17. ATMs and banks | Number; 18. Car parks | Number; 19. Surveillance cameras | Number; 20. Ambient population | Number; 21. Distance of Journey to Crime | Distance; 22. Density of Road Network | Percentage; 23. Bus Stops | Distance; 24. Transportation Hubs | Distance; 25. Subway Stations | Distance; 26. Crime generators and attractors | Number; 27. Density of road network | Percentage; 28. Distance of journey to crime | Distance; 29. Social disorganization | Percentage; 30. Logged distance of journey to crime | Distance
"Assessing the Influence of Prior on Subsequent Street Robbery Location Choices: A Case Study in ZG City, China",1. Gender | Percentage; 2. Age | Percentage,NA,NA,1. Distance of Journey to Prior Robbery | Distance; 2. Distance of Journey to Subsequent Robbery | Distance,1. Time Interval Between Two Robberies | Number; 2. Not Arrested in the Act of Prior Robbery | Binary,1. Hukou Status | Percentage; 2. Social Cohesion | Number; 3. Collective Efficacy | Number; 4. GDP | Number; 5. Socioeconomic Heterogeneity | Index; 6. Amount of Lost Property or Money | Number; 7. High schools | Number; 8. Shopping malls | Number; 9. Transportation hubs | Number; 10. Bars and clubs | Number; 11. Cybercafés | Number; 12. Grocery stores | Number; 13. Hotels | Number; 14. Restaurants | Number; 15. ATMs | Number; 16. Banks | Number; 17. Subway stations | Number; 18. Bus stations | Number; 19. Surveillance cameras | Number; 20. Daily human mobility | Number; 21. Transportation Hubs | Binary; 22. Subway Stations | Binary; 23. Bus Stations | Binary; 24. Bars and Clubs | Binary; 25. Cybercafés | Binary; 26. Malls and Supermarkets | Binary; 27. High Schools | Binary; 28. Surveillance Cameras | Binary; 29. Daily Human Mobility | Number; 30. Socioeconomic Heterogeneity | Number,1. Gender | Percentage; 2. Age | Percentage; 3. Hukou Status | Percentage; 4. Social Cohesion | Number; 5. Collective Efficacy | Number; 6. GDP | Number; 7. Socioeconomic Heterogeneity | Index; 8. Amount of Lost Property or Money | Number; 9. High schools | Number; 10. Shopping malls | Number; 11. Transportation hubs | Number; 12. Bars and clubs | Number; 13. Cybercafés | Number; 14. Grocery stores | Number; 15. Hotels | Number; 16. Restaurants | Number; 17. ATMs | Number; 18. Banks | Number; 19. Subway stations | Number; 20. Bus stations | Number; 21. Surveillance cameras | Number; 22. Daily human mobility | Number; 23. Distance of Journey to Prior Robbery | Distance; 24. Distance of Journey to Subsequent Robbery | Distance; 25. Time Interval Between Two Robberies | Number; 26. Not Arrested in the Act of Prior Robbery | Binary; 27. Transportation Hubs | Binary; 28. Subway Stations | Binary; 29. Bus Stations | Binary; 30. Bars and Clubs | Binary; 31. Cybercafés | Binary; 32. Malls and Supermarkets | Binary; 33. High Schools | Binary; 34. Surveillance Cameras | Binary; 35. Daily Human Mobility | Number; 36. Socioeconomic Heterogeneity | Number
AWARENESS × OPPORTUNITY: TESTING INTERACTIONS BETWEEN ACTIVITY NODES AND CRIMINAL OPPORTUNITY IN PREDICTING CRIME LOCATION CHOICE,1. Population size | Number; 2. Proportion of residents with a non-western background | Percentage; 3. Age of offenders | Number; 4. Gender of offenders | Percentage,NA,NA,1. Euclidean Distance | Distance; 2. Average Distance Replacement | Distance; 3. Travel Restrictions | Number; 4. Distance between the offender's residential area and the crime location | Distance,1. Previous crime location | Binary,"1. Collective efficacy | Index; 2. Proportion of single-person households | Percentage; 3. Number_of_Employees | Number; 4. Number of bars/restaurants/hotels | Rate; 5. Postal Code Areas | Number; 6. Crime year specific numbers of retail facilities, schools, cultural, health care, and sports/leisure facilities | Number; 7. Number of employees | Number; 8. Neighbourhood disorder | Index","1. Population size | Number; 2. Collective efficacy | Index; 3. Proportion of single-person households | Percentage; 4. Proportion of residents with a non-western background | Percentage; 5. Age of offenders | Number; 6. Gender of offenders | Percentage; 7. Number_of_Employees | Number; 8. Number of bars/restaurants/hotels | Rate; 9. Euclidean Distance | Distance; 10. Average Distance Replacement | Distance; 11. Postal Code Areas | Number; 12. Travel Restrictions | Number; 13. Distance between the offender's residential area and the crime location | Distance; 14. Previous crime location | Binary; 15. Crime year specific numbers of retail facilities, schools, cultural, health care, and sports/leisure facilities | Number; 16. Number of employees | Number; 17. Neighbourhood disorder | Index"
"BITING ONCE, TWICE: THE INFLUENCE OF PRIOR ON SUBSEQUENT CRIME LOCATION CHOICE *",1. Proportion of Residents with a Non-Western Ethnic Background | Percentage; 2. Proportion of residents with a non-Western ethnic background | Percentage; 3. Population Density | Distance; 4. Proportion of Non-Western Residents | Percentage,NA,1. Residential Area Variables | Percentage,1. Distance to Prior Crime Location | Distance; 2. Distance from Residential Area to Target Areas | Distance,NA,"1. Proportion of Single-Person Households | Percentage; 2. Proportion of single-person households | Percentage; 3. Number of retail stores | Number; 4. Number of hotels, restaurants, and bars | Number; 5. Number of people working | Number; 6. Retail stores | Number; 7. Hotels, restaurants, and bars | Number; 8. Schools | Number; 9. Culture | Number; 10. Health care | Number; 11. Sports and leisure facilities | Number; 12. Recency Variables | Binary","1. Proportion of Single-Person Households | Percentage; 2. Proportion of Residents with a Non-Western Ethnic Background | Percentage; 3. Proportion of single-person households | Percentage; 4. Proportion of residents with a non-Western ethnic background | Percentage; 5. Number of retail stores | Number; 6. Number of hotels, restaurants, and bars | Number; 7. Number of people working | Number; 8. Retail stores | Number; 9. Hotels, restaurants, and bars | Number; 10. Schools | Number; 11. Culture | Number; 12. Health care | Number; 13. Sports and leisure facilities | Number; 14. Distance to Prior Crime Location | Distance; 15. Distance from Residential Area to Target Areas | Distance; 16. Recency Variables | Binary; 17. Residential Area Variables | Percentage; 18. Population Density | Distance; 19. Proportion of Non-Western Residents | Percentage"
Burglar Target Selection: Australia Study (Brisbane),NA,1. Residential Real Estate Value | Number,1. Residential Mobility | Number; 2. Residential mobility | Percentage,1. Proximity | Distance; 2. Proximity to City Center | Distance,NA,1. Social Cohesion | Number; 2. Number of households | Number; 3. Proportion of single-family dwellings | Percentage; 4. Availability of potential targets | Number; 5. Proportion of Single-Family Dwellings | Percentage; 6. Number of Households | Number; 7. Jurisdictional Dummies | Binary; 8. Robust Standard Errors | Number; 9. Wald Tests | Number,1. Residential Mobility | Number; 2. Social Cohesion | Number; 3. Residential Real Estate Value | Number; 4. Number of households | Number; 5. Proportion of single-family dwellings | Percentage; 6. Residential mobility | Percentage; 7. Availability of potential targets | Number; 8. Proximity | Distance; 9. Proximity to City Center | Distance; 10. Proportion of Single-Family Dwellings | Percentage; 11. Number of Households | Number; 12. Jurisdictional Dummies | Binary; 13. Robust Standard Errors | Number; 14. Wald Tests | Number
Burglar Target Selection: Netherlands Study (The Hague),NA,1. Residential Real Estate Value | Number,1. Residential Mobility | Number; 2. Residential mobility | Percentage,1. Proximity | Distance; 2. Proximity to City Center | Distance,NA,1. Social Cohesion | Number; 2. Number of households | Number; 3. Proportion of single-family dwellings | Percentage; 4. Availability of potential targets | Number; 5. Proportion of Single-Family Dwellings | Percentage; 6. Number of Households | Number; 7. Jurisdictional Dummies | Binary; 8. Robust Standard Errors | Number; 9. Wald Tests | Number,1. Residential Mobility | Number; 2. Social Cohesion | Number; 3. Residential Real Estate Value | Number; 4. Number of households | Number; 5. Proportion of single-family dwellings | Percentage; 6. Residential mobility | Percentage; 7. Availability of potential targets | Number; 8. Proximity | Distance; 9. Proximity to City Center | Distance; 10. Proportion of Single-Family Dwellings | Percentage; 11. Number of Households | Number; 12. Jurisdictional Dummies | Binary; 13. Robust Standard Errors | Number; 14. Wald Tests | Number
Burglar Target Selection: United Kingdom Study (Birmingham),NA,1. Residential Real Estate Value | Number,1. Residential Mobility | Number; 2. Residential mobility | Percentage,1. Proximity | Distance; 2. Proximity to City Center | Distance,NA,1. Social Cohesion | Number; 2. Number of households | Number; 3. Proportion of single-family dwellings | Percentage; 4. Availability of potential targets | Number; 5. Proportion of Single-Family Dwellings | Percentage; 6. Number of Households | Number; 7. Jurisdictional Dummies | Binary; 8. Robust Standard Errors | Number; 9. Wald Tests | Number,1. Residential Mobility | Number; 2. Social Cohesion | Number; 3. Residential Real Estate Value | Number; 4. Number of households | Number; 5. Proportion of single-family dwellings | Percentage; 6. Residential mobility | Percentage; 7. Availability of potential targets | Number; 8. Proximity | Distance; 9. Proximity to City Center | Distance; 10. Proportion of Single-Family Dwellings | Percentage; 11. Number of Households | Number; 12. Jurisdictional Dummies | Binary; 13. Robust Standard Errors | Number; 14. Wald Tests | Number
Burglars blocked by barriers? The impact of physical and social barriers on residential burglars' target location choices in China,"1. Proportion of local residents with ZG city Hukou status | Percentage; 2. Community categorization by majority population type (local, domestic migrant, mixed) | Binary","1. Average rent price | Number; 2. Rent categories (no rent, low, medium, high) | Binary",1. Physical Barriers | Number; 2. Building Type | Percentage,1. Distance Measure | Distance; 2. Accessibility Measure | Distance; 3. Distance | Distance,NA,1. Social barriers based on Hukou status | Binary; 2. Limited social network overlap | Number; 3. Number of households in a community | Number; 4. Proportion of houses built after 2000 | Percentage; 5. Number of households | Number; 6. Proportion of high-rise buildings | Percentage; 7. Natural log of the number of households | Number; 8. Affluence Measures | Percentage; 9. Affluence Measures | Number; 10. Household Count | Number,"1. Proportion of local residents with ZG city Hukou status | Percentage; 2. Community categorization by majority population type (local, domestic migrant, mixed) | Binary; 3. Social barriers based on Hukou status | Binary; 4. Limited social network overlap | Number; 5. Number of households in a community | Number; 6. Proportion of houses built after 2000 | Percentage; 7. Average rent price | Number; 8. Rent categories (no rent, low, medium, high) | Binary; 9. Number of households | Number; 10. Proportion of high-rise buildings | Percentage; 11. Natural log of the number of households | Number; 12. Physical Barriers | Number; 13. Distance Measure | Distance; 14. Accessibility Measure | Distance; 15. Distance | Distance; 16. Affluence Measures | Percentage; 17. Affluence Measures | Number; 18. Building Type | Percentage; 19. Household Count | Number"
CO-OFFENDERS' CRIME LOCATION CHOICE: DO CO-OFFENDING GROUPS COMMIT CRIMES IN THEIR SHARED AWARENESS SPACE?,1. Total number of residents | Number; 2. Number of residents with a non-Western ethnic background | Number; 3. Population density | Number,NA,NA,NA,1. Previous Home Location | Percentage; 2. Previous Crime Location | Number; 3. Previous Crime Location | Binary,"1. Number of single-person households | Number; 2. Number of retail stores | Number; 3. Number of hotels, restaurants, bars, schools, cultural facilities, health care institutions, and sport and leisure facilities | Number; 4. Retail stores | Number; 5. Hotels | Number; 6. Restaurants | Number; 7. Bars | Number; 8. Schools | Number; 9. Cultural facilities | Number; 10. Health care institutions | Number; 11. Sport and leisure facilities | Number; 12. Home Location | Percentage; 13. Area Characteristics | Number; 14. Shared Awareness Space | Percentage","1. Total number of residents | Number; 2. Number of residents with a non-Western ethnic background | Number; 3. Number of single-person households | Number; 4. Population density | Number; 5. Number of retail stores | Number; 6. Number of hotels, restaurants, bars, schools, cultural facilities, health care institutions, and sport and leisure facilities | Number; 7. Retail stores | Number; 8. Hotels | Number; 9. Restaurants | Number; 10. Bars | Number; 11. Schools | Number; 12. Cultural facilities | Number; 13. Health care institutions | Number; 14. Sport and leisure facilities | Number; 15. Home Location | Percentage; 16. Previous Home Location | Percentage; 17. Previous Crime Location | Number; 18. Area Characteristics | Number; 19. Previous Crime Location | Binary; 20. Shared Awareness Space | Percentage"
Co-offending and the Choice of Target Areas in Burglary,1. Ethnic Heterogeneity | Percentage; 2. Number of Residents | Number,1. Mean Income per Resident | Number,1. Residential Mobility | Percentage; 2. Average Value of Residential Properties | Percentage,1. [Social_Accessibility | Distance; 2. Home-to-crime distance | Distance; 3. Distance to city centre | Distance; 4. Physical accessibility | Percentage,NA,1. Number of Properties | Percentage; 2. Percentage of Owner-Occupied Properties | Percentage; 3. [Architectural_Features | Percentage; 4. [Public_Facilities | Percentage; 5. [Residential_Units | Number; 6. [Physical_Accessibility | Percentage; 7. Number of properties in a neighbourhood | Number,1. Residential Mobility | Percentage; 2. Ethnic Heterogeneity | Percentage; 3. Number of Properties | Percentage; 4. Number of Residents | Number; 5. Average Value of Residential Properties | Percentage; 6. Percentage of Owner-Occupied Properties | Percentage; 7. Mean Income per Resident | Number; 8. [Architectural_Features | Percentage; 9. [Public_Facilities | Percentage; 10. [Residential_Units | Number; 11. [Physical_Accessibility | Percentage; 12. [Social_Accessibility | Distance; 13. Home-to-crime distance | Distance; 14. Distance to city centre | Distance; 15. Physical accessibility | Percentage; 16. Number of properties in a neighbourhood | Number
Crime Feeds on Legal Activities: Daily Mobility Flows Help to Explain Thieves' Target Location Choices,1. Population size | Number; 2. Mean population | Number,NA,NA,1. Median Distance | Distance; 2. Average Crime Trip Distance | Distance; 3. Euclidean Distance | Distance; 4. Euclidean distances between census units | Distance,NA,1. Proportion of non-locals | Percentage; 2. Hukou status | Percentage; 3. Primary schools | Number; 4. Middle schools | Number; 5. Hospitals | Number; 6. Basic stores | Number; 7. Markets | Number; 8. Supermarkets | Number; 9. Restaurants | Number; 10. Cinemas | Number; 11. Bars | Number; 12. Banks | Number; 13. Subway stations | Number; 14. Bus stops | Number; 15. Relative Mobility | Percentage; 16. Exclusion of February | Number; 17. Selection of weekdays | Number; 18. Clearance rate of theft from the person | Percentage; 19. Geographical location of study area | Number; 20. Exclusion of census units due to limited mobility data | Number,1. Population size | Number; 2. Proportion of non-locals | Percentage; 3. Hukou status | Percentage; 4. Primary schools | Number; 5. Middle schools | Number; 6. Hospitals | Number; 7. Basic stores | Number; 8. Markets | Number; 9. Supermarkets | Number; 10. Restaurants | Number; 11. Cinemas | Number; 12. Bars | Number; 13. Banks | Number; 14. Subway stations | Number; 15. Bus stops | Number; 16. Median Distance | Distance; 17. Average Crime Trip Distance | Distance; 18. Euclidean Distance | Distance; 19. Relative Mobility | Percentage; 20. Exclusion of February | Number; 21. Selection of weekdays | Number; 22. Clearance rate of theft from the person | Percentage; 23. Geographical location of study area | Number; 24. Mean population | Number; 25. Exclusion of census units due to limited mobility data | Number; 26. Euclidean distances between census units | Distance
Discrete choice analysis of spatial attack sites,1. Demographic Profile Variables | Number,NA,1. u66 | Density,1. u30 | Distance; 2. u 26 | Distance; 3. u 27 | Distance; 4. u 30 | Distance,NA,NA,1. Demographic Profile Variables | Number; 2. u30 | Distance; 3. u66 | Density; 4. u 26 | Distance; 5. u 27 | Distance; 6. u 30 | Distance
Divergent Decision-Making in Context: Neighborhood Context Shapes Effects of Physical Disorder and Spatial Knowledge on Burglars' Location Choice,1. Population (log) | Number; 2. Population size | Number,NA,1. Proportion of high-rise residential buildings | Percentage; 2. Physical Disorder | Number,1. Subway Stations | Distance; 2. Bus Stops | Distance; 3. Distance from home | Distance,NA,1. Proportion of buildings built after 2000 | Percentage; 2. Low educational attainment | Percentage; 3. Newer Buildings | Binary; 4. Parks | Binary; 5. Entertainment Venues | Number; 6. Newer buildings | Number; 7. Subway stations | Number; 8. Bus stops | Number; 9. Parks | Number; 10. Entertainment venues | Number,1. Population (log) | Number; 2. Proportion of high-rise residential buildings | Percentage; 3. Proportion of buildings built after 2000 | Percentage; 4. Low educational attainment | Percentage; 5. Physical Disorder | Number; 6. Newer Buildings | Binary; 7. Parks | Binary; 8. Entertainment Venues | Number; 9. Subway Stations | Distance; 10. Bus Stops | Distance; 11. Distance from home | Distance; 12. Population size | Number; 13. Newer buildings | Number; 14. Subway stations | Number; 15. Bus stops | Number; 16. Parks | Number; 17. Entertainment venues | Number
"Do juvenile, young adult, and adult offenders target different places in the Chinese context?","1. Age groups (juvenile, young adult, adult) | Percentage",NA,NA,1. Distance of Journey to Crime | Distance,NA,1. Proportion of migrants | Percentage; 2. Proportion of young adults | Percentage; 3. Social cohesion | Number; 4. Cybercafés | Number; 5. Schools | Number; 6. Wholesale markets | Number; 7. Bars and clubs | Number; 8. Routine activity nodes | Number; 9. Bus Stops | Number; 10. Subway Stations | Number; 11. Bus stops | Number; 12. Subway stations | Number; 13. Malls and supermarkets | Number; 14. Car parks | Number,"1. Proportion of migrants | Percentage; 2. Proportion of young adults | Percentage; 3. Age groups (juvenile, young adult, adult) | Percentage; 4. Social cohesion | Number; 5. Cybercafés | Number; 6. Schools | Number; 7. Wholesale markets | Number; 8. Bars and clubs | Number; 9. Routine activity nodes | Number; 10. Distance of Journey to Crime | Distance; 11. Bus Stops | Number; 12. Subway Stations | Number; 13. Bus stops | Number; 14. Subway stations | Number; 15. Malls and supermarkets | Number; 16. Car parks | Number"
Do Migrant and Native Robbers Target Different Places?,1. Gender | Binary; 2. Ethnicity | Binary; 3. Ambient population | Number,NA,1. Density of road network | Density,1. Distance of Journey to Crime | Distance; 2. Distance of journey to crime | Distance,NA,1. Education level | Binary; 2. Proportion of migrants | Percentage; 3. Proportion of youngsters | Percentage; 4. Socioeconomic heterogeneity | Index; 5. Daily human mobility | Index; 6. Migration status | Percentage; 7. Wholesale markets | Number; 8. Labor-intensive industrial cluster | Number; 9. Old urban areas and urban villages | Number; 10. Sports stadiums | Number; 11. Malls and supermarkets | Number; 12. Grocers | Number; 13. Bars and clubs | Number; 14. High schools | Number; 15. ATMs and banks | Number; 16. Carparks | Number; 17. Bus stops | Number; 18. Arrest data | Number; 19. POI data | Number; 20. Traffic road network vector map data | Number; 21. Bus stop data | Number; 22. Mobile phone data | Number; 23. Crime prevention | Percentage,1. Gender | Binary; 2. Ethnicity | Binary; 3. Education level | Binary; 4. Proportion of migrants | Percentage; 5. Proportion of youngsters | Percentage; 6. Socioeconomic heterogeneity | Index; 7. Daily human mobility | Index; 8. Migration status | Percentage; 9. Wholesale markets | Number; 10. Labor-intensive industrial cluster | Number; 11. Old urban areas and urban villages | Number; 12. Sports stadiums | Number; 13. Malls and supermarkets | Number; 14. Grocers | Number; 15. Bars and clubs | Number; 16. High schools | Number; 17. ATMs and banks | Number; 18. Carparks | Number; 19. Bus stops | Number; 20. Density of road network | Density; 21. Distance of Journey to Crime | Distance; 22. Arrest data | Number; 23. POI data | Number; 24. Traffic road network vector map data | Number; 25. Bus stop data | Number; 26. Mobile phone data | Number; 27. Distance of journey to crime | Distance; 28. Ambient population | Number; 29. Crime prevention | Percentage
Do Street Robbery Location Choices Vary Over Time of Day or Day of Week? A Test in Chicago,1. Gender | Percentage; 2. Racial and Ethnic Background | Percentage; 3. Age | Number; 4. Total Population | Number; 5. Racial and Ethnic Composition | Percentage; 6. Ethnic Diversity | Binary; 7. Block population | Number; 8. Racial/ethnic composition | Binary,NA,1. Business density | Binary; 2. Non-residential census blocks | Number,1. Accessibility | Binary; 2. Distance between offender homes and robbery locations within census block | Distance; 3. Euclidean distances between offender homes and census block midpoints | Distance; 4. Accessibility: Block on main street | Binary; 5. Accessibility: Block with El station | Binary; 6. Home-crime distance distribution | Distance; 7. Negative log of distance | Distance; 8. Distance from Home | Distance,1. Time of Day | Number; 2. Day of Week | Number,"1. Presence of High Schools | Binary; 2. Presence of legal cash economies | Binary; 3. Presence of illegal cash economies | Binary; 4. Presence of legal cash economies | Number; 5. Presence of illegal cash economies | Number; 6. High schools | Number; 7. Bars and clubs | Number; 8. Restaurants, fast-food outlets, and food stands | Number; 9. Barber shops and beauty salons | Number; 10. Liquor stores | Number; 11. Grocery stores | Number; 12. General merchandise shops | Number; 13. Gas stations | Number; 14. Laundromats | Number; 15. Pawnshops, currency exchange, and check-cashing services | Number; 16. Random Sampling | Number","1. Gender | Percentage; 2. Racial and Ethnic Background | Percentage; 3. Age | Number; 4. Total Population | Number; 5. Racial and Ethnic Composition | Percentage; 6. Ethnic Diversity | Binary; 7. Presence of High Schools | Binary; 8. Presence of legal cash economies | Binary; 9. Presence of illegal cash economies | Binary; 10. Business density | Binary; 11. Accessibility | Binary; 12. Block population | Number; 13. Racial/ethnic composition | Binary; 14. Presence of legal cash economies | Number; 15. Presence of illegal cash economies | Number; 16. High schools | Number; 17. Bars and clubs | Number; 18. Restaurants, fast-food outlets, and food stands | Number; 19. Barber shops and beauty salons | Number; 20. Liquor stores | Number; 21. Grocery stores | Number; 22. General merchandise shops | Number; 23. Gas stations | Number; 24. Laundromats | Number; 25. Pawnshops, currency exchange, and check-cashing services | Number; 26. Non-residential census blocks | Number; 27. Distance between offender homes and robbery locations within census block | Distance; 28. Euclidean distances between offender homes and census block midpoints | Distance; 29. Accessibility: Block on main street | Binary; 30. Accessibility: Block with El station | Binary; 31. Home-crime distance distribution | Distance; 32. Negative log of distance | Distance; 33. Time of Day | Number; 34. Day of Week | Number; 35. Distance from Home | Distance; 36. Random Sampling | Number"
"EFFECTS OF ATTRACTIVENESS, OPPORTUNITY AND ACCESSIBILITY TO BURGLARS ON RESIDENTIAL BURGLARY RATES OF URBAN NEIGHBORHOODS",1. Ethnic Heterogeneity | Number,1. Average real estate value of residential units | Percentage; 2. Real Estate Value | Percentage,1. Residential units' visible cues | Number; 2. Residential Mobility | Rate,1. Journey-to-crime | Distance; 2. Distance decay pattern | Rate; 3. Proximity to CBD | Distance; 4. Concentric zone model | Distance; 5. Proximity to Central Business District | Distance,NA,1. Percentage of owner-occupied dwellings | Percentage; 2. Home ownership | Percentage; 3. Public facilities in the central business district | Percentage; 4. Likelihood of successful completion | Number; 5. Social cohesion and collective efficacy | Number; 6. Mobility of burglars | Number; 7. SWEBER (spatially weighted burglar exposition rate) | Rate; 8. Home Ownership | Percentage; 9. Moran's I Statistic | Number,1. Percentage of owner-occupied dwellings | Percentage; 2. Average real estate value of residential units | Percentage; 3. Home ownership | Percentage; 4. Residential units' visible cues | Number; 5. Public facilities in the central business district | Percentage; 6. Likelihood of successful completion | Number; 7. Social cohesion and collective efficacy | Number; 8. Mobility of burglars | Number; 9. Journey-to-crime | Distance; 10. Distance decay pattern | Rate; 11. SWEBER (spatially weighted burglar exposition rate) | Rate; 12. Proximity to CBD | Distance; 13. Concentric zone model | Distance; 14. Ethnic Heterogeneity | Number; 15. Residential Mobility | Rate; 16. Real Estate Value | Percentage; 17. Home Ownership | Percentage; 18. Proximity to Central Business District | Distance; 19. Moran's I Statistic | Number
Effects of residential history on commercial robbers' crime location choices,"1. Population density | Distance; 2. Population size | Number; 3. Population percentages of 15-25-year-old | Percentage; 4. Foreign-born residents | Percentage; 5. Single residents | Percentage; 6. Population percentages of 15-25-year-old, foreign-born, and single residents | Percentage",NA,1. Mean value of residential property | Number,1. Distance to the nearest highway ramp | Distance; 2. Distance between current residence and crime location | Distance; 3. Distance decay | Percentage,NA,1. Postal code area characteristics | Number; 2. Duration of residence | Percentage,"1. Population density | Distance; 2. Population size | Number; 3. Population percentages of 15-25-year-old | Percentage; 4. Foreign-born residents | Percentage; 5. Single residents | Percentage; 6. Mean value of residential property | Number; 7. Postal code area characteristics | Number; 8. Distance to the nearest highway ramp | Distance; 9. Distance between current residence and crime location | Distance; 10. Population percentages of 15-25-year-old, foreign-born, and single residents | Percentage; 11. Distance decay | Percentage; 12. Duration of residence | Percentage"
Familiar Locations and Similar Activities: Examining the Contributions of Reliable and Relevant Knowledge in Offenders' Crime Location Choices,1. Gender | Percentage; 2. Age | Number,NA,NA,1. Distance decay | Percentage; 2. Distance Bands | Distance,NA,1. Number of premises per SA2 | Number; 2. Number of business units in commercial or public industries | Number; 3. Number of households | Number; 4. Number of business units in any industry | Number; 5. Number of business units in commercial industries | Number; 6. Opportunity Variables | Number,1. Gender | Percentage; 2. Age | Number; 3. Number of premises per SA2 | Number; 4. Number of business units in commercial or public industries | Number; 5. Number of households | Number; 6. Number of business units in any industry | Number; 7. Number of business units in commercial industries | Number; 8. Distance decay | Percentage; 9. Opportunity Variables | Number; 10. Distance Bands | Distance
FAMILY MATTERS: EFFECTS OF FAMILY MEMBERS' RESIDENTIAL AREAS ON CRIME LOCATION CHOICE *,1. Population density | Number; 2. Proportion of residents with a non-Western background | Percentage; 3. Average population size | Number; 4. Ethnic diversity | Number; 5. Population Density | Distance; 6. Proportion of Residents with a Non-Western Background | Percentage,NA,NA,1. Euclidean Distance | Distance; 2. Distance | Distance,1. Previous Crime Location | Binary,"1. Proportion of single-person households | Percentage; 2. Urban nature of the study area | Number; 3. Proportion of Single-Person Households | Percentage; 4. Number of Retail Stores | Number; 5. Number of Hotels Restaurants Bars | Number; 6. Number of Schools | Number; 7. Number of Culture, Health-Care, and Sports/Leisure Facilities | Number; 8. Number of People Working | Number; 9. Retail stores | Number; 10. Bars/nightlife | Number; 11. Schools | Number; 12. Culture, health-care, and sports/leisure facilities | Number; 13. Guardianship | Index; 14. Single-Person Households | Percentage; 15. Non-Western Background | Percentage; 16. Retail Stores | Number; 17. Hotels Restaurants Bars | Number; 18. Culture, Health-Care, and Sports/Leisure Facilities | Number; 19. People Working | Number","1. Population density | Number; 2. Proportion of single-person households | Percentage; 3. Proportion of residents with a non-Western background | Percentage; 4. Average population size | Number; 5. Urban nature of the study area | Number; 6. Ethnic diversity | Number; 7. Population Density | Distance; 8. Proportion of Single-Person Households | Percentage; 9. Proportion of Residents with a Non-Western Background | Percentage; 10. Number of Retail Stores | Number; 11. Number of Hotels Restaurants Bars | Number; 12. Number of Schools | Number; 13. Number of Culture, Health-Care, and Sports/Leisure Facilities | Number; 14. Number of People Working | Number; 15. Retail stores | Number; 16. Bars/nightlife | Number; 17. Schools | Number; 18. Culture, health-care, and sports/leisure facilities | Number; 19. Guardianship | Index; 20. Euclidean Distance | Distance; 21. Previous Crime Location | Binary; 22. Distance | Distance; 23. Single-Person Households | Percentage; 24. Non-Western Background | Percentage; 25. Retail Stores | Number; 26. Hotels Restaurants Bars | Number; 27. Culture, Health-Care, and Sports/Leisure Facilities | Number; 28. People Working | Number"
Formal Evaluation of the Impact of Barriers and Connectors on Residential Burglars' Macro-Level Offending Location Choices,1. Age | Number; 2. Sex | Binary; 3. Population Size | Number; 4. Population Density | Distance; 5. Ethnic Heterogeneity | Percentage; 6. Land Use - Population Density | Number,1. Victim Suburb Weekly Income | Number; 2. Socio-Economic Index for Areas (SEIFA) | Index; 3. Median Weekly Income Bracket | Number,1. Residential Mobility Rates | Rate; 2. Physical Barriers - Swan River | Binary; 3. Physical Barriers - Major Roads | Binary,1. Total Residential Units | Distance; 2. Land Use - Suburb Size | Distance; 3. D ij | Distance,NA,1. Indigenous Status | Binary; 2. Connectors - Train Network | Binary; 3. W ij | Binary; 4. F ij | Binary; 5. T ij | Binary; 6. A i/J i | Binary; 7. pdf | Number; 8. 7% of identified cases were included in the final dataset | Percentage,1. Age | Number; 2. Indigenous Status | Binary; 3. Sex | Binary; 4. Population Size | Number; 5. Population Density | Distance; 6. Ethnic Heterogeneity | Percentage; 7. Residential Mobility Rates | Rate; 8. Total Residential Units | Distance; 9. Victim Suburb Weekly Income | Number; 10. Socio-Economic Index for Areas (SEIFA) | Index; 11. Median Weekly Income Bracket | Number; 12. Physical Barriers - Swan River | Binary; 13. Physical Barriers - Major Roads | Binary; 14. Connectors - Train Network | Binary; 15. Land Use - Suburb Size | Distance; 16. Land Use - Population Density | Number; 17. W ij | Binary; 18. F ij | Binary; 19. T ij | Binary; 20. D ij | Distance; 21. A i/J i | Binary; 22. pdf | Number; 23. 7% of identified cases were included in the final dataset | Percentage
Go where the money is: modeling street robbers' location choices,1. Total number of residents in the census block | Number; 2. Racial and ethnic composition of the population | Binary; 3. Age of offenders | Number; 4. Gender of offenders | Percentage; 5. Racial and ethnic background of offenders | Binary; 6. Racial and ethnic segregation | Binary; 7. Racial/Ethnic Composition | Number,NA,1. Land use and activities | Number,1. Accessibility of a block | Binary; 2. Euclidean Distance | Distance; 3. Accessibility Along Main Streets | Binary; 4. Proximity to El Stations | Binary; 5. Accessibility | Distance,NA,1. Presence of legal cash economies | Number; 2. Presence of illegal cash economies | Number; 3. Presence of high schools | Number; 4. Presence of El stations | Binary; 5. Social Barriers | Number; 6. Spatial Lags | Number; 7. pdf | Number,1. Total number of residents in the census block | Number; 2. Racial and ethnic composition of the population | Binary; 3. Age of offenders | Number; 4. Gender of offenders | Percentage; 5. Racial and ethnic background of offenders | Binary; 6. Presence of legal cash economies | Number; 7. Presence of illegal cash economies | Number; 8. Accessibility of a block | Binary; 9. Racial and ethnic segregation | Binary; 10. Presence of high schools | Number; 11. Presence of El stations | Binary; 12. Land use and activities | Number; 13. Euclidean Distance | Distance; 14. Accessibility Along Main Streets | Binary; 15. Proximity to El Stations | Binary; 16. Social Barriers | Number; 17. Accessibility | Distance; 18. Spatial Lags | Number; 19. Racial/Ethnic Composition | Number; 20. pdf | Number
Graffiti Writers Choose Locations That Optimize Exposure,NA,NA,1. Residential Units | Number,1. Bridges | Distance; 2. Intersections | Distance; 3. Betweenness | Distance,NA,1. Presence of Schools | Number; 2. Bars | Number; 3. Night Shops | Number; 4. Nightclubs | Number; 5. Restaurants | Number; 6. Schools | Number; 7. Trees | Number; 8. Broken Windows | Number; 9. Street Segment Type | Binary; 10. Street Segments | Number; 11. Trams and Buses | Number; 12. Type of Street Segment | Binary; 13. Presence of Bars | Binary; 14. Presence of Night Shops | Binary; 15. Presence of Nightclubs | Binary; 16. Presence of Restaurants | Binary; 17. Presence of Schools | Binary; 18. Presence of Trees | Binary,1. Presence of Schools | Number; 2. Residential Units | Number; 3. Bars | Number; 4. Night Shops | Number; 5. Nightclubs | Number; 6. Restaurants | Number; 7. Schools | Number; 8. Trees | Number; 9. Broken Windows | Number; 10. Street Segment Type | Binary; 11. Street Segments | Number; 12. Bridges | Distance; 13. Intersections | Distance; 14. Trams and Buses | Number; 15. Betweenness | Distance; 16. Type of Street Segment | Binary; 17. Presence of Bars | Binary; 18. Presence of Night Shops | Binary; 19. Presence of Nightclubs | Binary; 20. Presence of Restaurants | Binary; 21. Presence of Schools | Binary; 22. Presence of Trees | Binary
HOW DO RESIDENTIAL BURGLARS SELECT TARGET AREAS? A New Approach to the Analysis of Criminal Location Choice,1. Age of Burglar | Number; 2. Ethnic Origin of Burglar | Number; 3. Ethnic Heterogeneity | Index; 4. Ethnic Origin of Burglar | Binary,1. Average Residential Real Estate Value | Percentage; 2. Real Estate Value | Percentage,1. Residential Mobility | Number; 2. Number of residential units | Number; 3. Residential Mobility | Rate; 4. Number of Residential Units | Number,1. Proximity to Offender's Home | Distance; 2. Proximity to City Centre | Distance; 3. Distance Between Neighbourhoods | Distance; 4. Proximity to Burglar's Home | Distance,NA,1. Percentage of single-family dwellings | Percentage,1. Residential Mobility | Number; 2. Age of Burglar | Number; 3. Ethnic Origin of Burglar | Number; 4. Average Residential Real Estate Value | Percentage; 5. Percentage of single-family dwellings | Percentage; 6. Number of residential units | Number; 7. Proximity to Offender's Home | Distance; 8. Proximity to City Centre | Distance; 9. Distance Between Neighbourhoods | Distance; 10. Proximity to Burglar's Home | Distance; 11. Ethnic Heterogeneity | Index; 12. Residential Mobility | Rate; 13. Real Estate Value | Percentage; 14. Number of Residential Units | Number; 15. Ethnic Origin of Burglar | Binary
Investigating the effect of people on the street and streetscape physical environment on the location choice of street theft crime offenders using street view images and a discrete spatial choice model,NA,1. Percent lowly-rent houses | Percentage,NA,1. Offender Residence-Crime Proximity | Distance; 2. Residence-crime proximity | Distance,NA,1. Percent migrants | Percentage; 2. Number of people on the street | Number; 3. Fences | Percentage; 4. Walls | Percentage; 5. Windows | Percentage; 6. Grass | Percentage; 7. Sidewalks | Percentage; 8. Plants | Percentage; 9. Commercial interfaces | Percentage; 10. Shops facing the street | Number; 11. Buildings along the street | Number; 12. Streetlights | Number; 13. Surveillance cameras | Number; 14. Trees | Number; 15. Lawns | Number; 16. ATMs | Number; 17. Banks | Number; 18. Subway stations | Number; 19. Bus stops | Number; 20. Schools | Number; 21. Hospitals | Number; 22. Crime attractors | Number; 23. Crime generators | Rate; 24. Crime detractors | Number,1. Percent migrants | Percentage; 2. Number of people on the street | Number; 3. Percent lowly-rent houses | Percentage; 4. Fences | Percentage; 5. Walls | Percentage; 6. Windows | Percentage; 7. Grass | Percentage; 8. Sidewalks | Percentage; 9. Plants | Percentage; 10. Commercial interfaces | Percentage; 11. Shops facing the street | Number; 12. Buildings along the street | Number; 13. Streetlights | Number; 14. Surveillance cameras | Number; 15. Trees | Number; 16. Lawns | Number; 17. ATMs | Number; 18. Banks | Number; 19. Subway stations | Number; 20. Bus stops | Number; 21. Schools | Number; 22. Hospitals | Number; 23. Offender Residence-Crime Proximity | Distance; 24. Residence-crime proximity | Distance; 25. Crime attractors | Number; 26. Crime generators | Rate; 27. Crime detractors | Number
LEARNING WHERE TO OFFEND EFFECTS OF PAST ON FUTURE BURGLARY LOCATIONS,1. Population Turnover | Percentage; 2. Ethnic Diversity | Index; 3. Population Turnover | Number; 4. Ethnic diversity | Number; 5. Population turnover | Number; 6. Population Turnover | Rate,NA,1. Accessible residential properties | Number,1. Distance to city center | Distance; 2. Distance to Offender's Residence | Distance; 3. Distance to City Center | Distance; 4. Distance to Residence | Distance,1. Temporal Categories | Number,"1. Total Number of Households | Number; 2. Average House Price | Number; 3. Connectors (e.g., transit lines) | Number; 4. Barriers (e.g., wide rivers) | Number; 5. Street permeability | Number; 6. Higher altitude | Number; 7. Train stations | Number; 8. Total number of households | Number; 9. Average house price | Number; 10. Presence of Train Stations | Binary; 11. Presence of Bus Stations | Binary","1. Population Turnover | Percentage; 2. Ethnic Diversity | Index; 3. Total Number of Households | Number; 4. Average House Price | Number; 5. Population Turnover | Number; 6. Accessible residential properties | Number; 7. Connectors (e.g., transit lines) | Number; 8. Barriers (e.g., wide rivers) | Number; 9. Street permeability | Number; 10. Higher altitude | Number; 11. Train stations | Number; 12. Total number of households | Number; 13. Average house price | Number; 14. Ethnic diversity | Number; 15. Population turnover | Number; 16. Distance to city center | Distance; 17. Distance to Offender's Residence | Distance; 18. Distance to City Center | Distance; 19. Presence of Train Stations | Binary; 20. Presence of Bus Stations | Binary; 21. Temporal Categories | Number; 22. Distance to Residence | Distance; 23. Population Turnover | Rate"
Location Choice of Snatching Offenders in Chennai City,1. Population size | Number; 2. Average population per ward | Number; 3. Age structure of offenders | Number; 4. Gender ratio of offenders | Percentage; 5. Ward Population | Number,NA,NA,1. Home-to-crime distance | Distance; 2. Journey to crime | Distance; 3. Distance to ward centroids | Distance; 4. Transport hubs | Number; 5. Public transport usage | Percentage,NA,"1. Retail businesses | Percentage; 2. Religious facilities (temples, churches, mosques) | Percentage; 3. Educational institutions (schools, colleges) | Percentage; 4. Marriage halls | Percentage; 5. Jewelry shops | Number; 6. Personal care facilities (barbershops, beauty parlors) | Number; 7. Restaurants | Number; 8. Medical facilities (hospitals, medical services) | Number; 9. Ward Area | Percentage; 10. 6 million | Number","1. Population size | Number; 2. Average population per ward | Number; 3. Age structure of offenders | Number; 4. Gender ratio of offenders | Percentage; 5. Retail businesses | Percentage; 6. Religious facilities (temples, churches, mosques) | Percentage; 7. Educational institutions (schools, colleges) | Percentage; 8. Marriage halls | Percentage; 9. Jewelry shops | Number; 10. Personal care facilities (barbershops, beauty parlors) | Number; 11. Restaurants | Number; 12. Medical facilities (hospitals, medical services) | Number; 13. Home-to-crime distance | Distance; 14. Journey to crime | Distance; 15. Distance to ward centroids | Distance; 16. Transport hubs | Number; 17. Public transport usage | Percentage; 18. Ward Area | Percentage; 19. Ward Population | Number; 20. 6 million | Number"
Modeling Micro-Level Crime Location Choice: Application of the Discrete Choice Framework to Crime at Places,1. Number of Residents | Number; 2. Age Composition | Percentage; 3. Ethnic Composition | Percentage; 4. Ethnic composition of population in postal code areas | Percentage,NA,1. Number of Residential Properties | Number; 2. Residential Units | Number; 3. Physical Barriers | Number; 4. Number of residential units in postal code areas | Number,1. Euclidean Distance | Distance; 2. Journey-to-Crime Distance | Distance; 3. Home-to-Target Distance | Distance; 4. Distance between burglar's home and target address | Distance,NA,1. Average Value of Properties | Number; 2. Spatial Competition | Percentage; 3. Spatial Competition Variable | Number; 4. Spatial competition variable | Number,1. Number of Residents | Number; 2. Age Composition | Percentage; 3. Ethnic Composition | Percentage; 4. Average Value of Properties | Number; 5. Number of Residential Properties | Number; 6. Residential Units | Number; 7. Spatial Competition | Percentage; 8. Euclidean Distance | Distance; 9. Physical Barriers | Number; 10. Journey-to-Crime Distance | Distance; 11. Spatial Competition Variable | Number; 12. Home-to-Target Distance | Distance; 13. Distance between burglar's home and target address | Distance; 14. Number of residential units in postal code areas | Number; 15. Ethnic composition of population in postal code areas | Percentage; 16. Spatial competition variable | Number
Modelling taste heterogeneity regarding offence location choices,1. Ethnic heterogeneity | Index; 2. Gender | Binary; 3. Age group | Binary,NA,1. Residential Churn | Index,1. Distance from the offender's home | Distance; 2. Distance from the city centre | Distance; 3. Road network data | Distance,NA,1. Affluence | Number; 2. Number of potential targets | Number,1. Ethnic heterogeneity | Index; 2. Residential Churn | Index; 3. Gender | Binary; 4. Age group | Binary; 5. Affluence | Number; 6. Number of potential targets | Number; 7. Distance from the offender's home | Distance; 8. Distance from the city centre | Distance; 9. Road network data | Distance
Modelling the spatial decision making of terrorists: the discrete choice approach,NA,NA,1. Residential segregation | Percentage,1. Home-to-crime distance | Distance; 2. Distance to city center | Distance; 3. Euclidean distance | Distance; 4. Ghosh distance | Distance,NA,1. Number of PIRA members | Number; 2. Recognition as strangers | Binary; 3. Major Road | Binary; 4. Police Station | Binary; 5. Military Base | Binary; 6. River | Binary; 7. Major thoroughfares | Binary; 8. River as barrier | Binary,1. Number of PIRA members | Number; 2. Residential segregation | Percentage; 3. Recognition as strangers | Binary; 4. Major Road | Binary; 5. Police Station | Binary; 6. Military Base | Binary; 7. River | Binary; 8. Home-to-crime distance | Distance; 9. Distance to city center | Distance; 10. Euclidean distance | Distance; 11. Ghosh distance | Distance; 12. Major thoroughfares | Binary; 13. River as barrier | Binary
Relationships Between Offenders' Crime Locations and Different Prior Activity Locations as Recorded in Police Data,1. Population Density | Distance; 2. Household Size/Composition | Number; 3. Demographic Characteristics of Offenders | Number,NA,NA,1. Median Nearest Neighbor Distance | Distance,1. Prior crimes | Number; 2. Temporal Filter | Number; 3. Recency of Prior Crimes | Number,1. Number of dwellings | Number; 2. Total number of business units | Number; 3. Number of business units in industry categories | Number; 4. Number of business units in commercial or public industries | Number; 5. Schools | Number; 6. Spatial Unit | Number; 7. Opportunity | Number; 8. 1007/ s11896-022-09540-8 | Number,1. Population Density | Distance; 2. Household Size/Composition | Number; 3. Demographic Characteristics of Offenders | Number; 4. Number of dwellings | Number; 5. Total number of business units | Number; 6. Number of business units in industry categories | Number; 7. Number of business units in commercial or public industries | Number; 8. Schools | Number; 9. Prior crimes | Number; 10. Median Nearest Neighbor Distance | Distance; 11. Temporal Filter | Number; 12. Recency of Prior Crimes | Number; 13. Spatial Unit | Number; 14. Opportunity | Number; 15. 1007/ s11896-022-09540-8 | Number
Relative Difference and Burglary Location: Can Ecological Characteristics of a Burglar's Home Neighborhood Predict Offense Location?,1. Percentage of Black Residents | Percentage; 2. Percentage of Latino Residents | Percentage; 3. Percentage of Residents Below Poverty | Percentage; 4. Racial/Ethnic Heterogeneity | Number,1. Median Income | Number,1. Residential Stability | Percentage; 2. Residential Instability | Number,1. Home-to-crime distance | Distance; 2. Euclidean distance | Distance; 3. Distance squared | Distance; 4. Distance Squared | Distance; 5. Centering of Distance Measures | Distance,NA,1. Single-Parent Households | Percentage; 2. Social Disorganization | Index; 3. Social Cohesion | Index; 4. Concentrated Disadvantage Index | Rate; 5. Median Home Value | Number; 6. Percentage of Unemployed | Percentage; 7. Percentage of Occupied Units | Percentage; 8. Routine Activities | Number; 9. Social Cohesion | Number; 10. Anonymity | Number; 11. Normalization of Data | Number; 12. Series of Models | Number,1. Residential Stability | Percentage; 2. Single-Parent Households | Percentage; 3. Percentage of Black Residents | Percentage; 4. Percentage of Latino Residents | Percentage; 5. Social Disorganization | Index; 6. Social Cohesion | Index; 7. Concentrated Disadvantage Index | Rate; 8. Median Income | Number; 9. Median Home Value | Number; 10. Percentage of Residents Below Poverty | Percentage; 11. Percentage of Unemployed | Percentage; 12. Percentage of Occupied Units | Percentage; 13. Routine Activities | Number; 14. Social Cohesion | Number; 15. Residential Instability | Number; 16. Racial/Ethnic Heterogeneity | Number; 17. Anonymity | Number; 18. Home-to-crime distance | Distance; 19. Euclidean distance | Distance; 20. Distance squared | Distance; 21. Normalization of Data | Number; 22. Distance Squared | Distance; 23. Centering of Distance Measures | Distance; 24. Series of Models | Number
Residential burglary target selection: An analysis at the property-level using Google Street View,NA,1. Wealth | Distance,NA,1. Surveillability | Distance; 2. Accessibility | Distance; 3. Ease of Escape | Distance; 4. Distance to nearest main road | Distance; 5. Distance to nearest street corner | Distance,NA,1. Collective Efficacy | Number; 2. Social Trust | Number; 3. Informal Social Control | Number; 4. Number of escape routes | Number; 5. Property at end of row | Binary; 6. Number of boundaries shared with public areas | Number; 7. Property setback from street | Binary; 8. Presence of business | Binary; 9. Mixed land-use | Binary; 10. House type | Binary; 11. Fixed effects analysis | Number; 12. 1016/j.apgeog.2017.06.014 | Number,1. Collective Efficacy | Number; 2. Social Trust | Number; 3. Informal Social Control | Number; 4. Wealth | Distance; 5. Surveillability | Distance; 6. Accessibility | Distance; 7. Ease of Escape | Distance; 8. Distance to nearest main road | Distance; 9. Distance to nearest street corner | Distance; 10. Number of escape routes | Number; 11. Property at end of row | Binary; 12. Number of boundaries shared with public areas | Number; 13. Property setback from street | Binary; 14. Presence of business | Binary; 15. Mixed land-use | Binary; 16. House type | Binary; 17. Fixed effects analysis | Number; 18. 1016/j.apgeog.2017.06.014 | Number
"Right place, right time? Making crime pattern theory time-specific",NA,NA,1. Home occupancy in residential neighbourhoods | Number,1. Spatial Lags | Distance; 2. Neighbourhood Proximity | Distance,1. Neighbourhood routinely visited at same time of day as crime event | Binary; 2. Neighbourhood routinely visited at different time of day as crime event | Binary; 3. Time of day | Binary,1. Number of cars parked on a parking lot | Number; 2. Presence of locks and escape routes | Number; 3. Residences | Number; 4. Schools | Number; 5. Jobs | Number; 6. Sports activities | Number; 7. Shopping | Number; 8. Going out | Number; 9. Neighbourhoods of offenders' activity nodes | Number; 10. Geocoded Neighbourhoods | Number; 11. Crime committed in neighbourhood | Binary; 12. Pseudo-R 2 | Number,1. Home occupancy in residential neighbourhoods | Number; 2. Number of cars parked on a parking lot | Number; 3. Presence of locks and escape routes | Number; 4. Residences | Number; 5. Schools | Number; 6. Jobs | Number; 7. Sports activities | Number; 8. Shopping | Number; 9. Going out | Number; 10. Neighbourhoods of offenders' activity nodes | Number; 11. Spatial Lags | Distance; 12. Neighbourhood Proximity | Distance; 13. Geocoded Neighbourhoods | Number; 14. Neighbourhood routinely visited at same time of day as crime event | Binary; 15. Neighbourhood routinely visited at different time of day as crime event | Binary; 16. Time of day | Binary; 17. Crime committed in neighbourhood | Binary; 18. Pseudo-R 2 | Number
ROLE OF THE STREET NETWORK IN BURGLARS' SPATIAL DECISION-MAKING *,1. Ethnic-heterogeneity | Index; 2. Population turnover | Number; 3. Ethnic heterogeneity | Index,NA,1. Residential mobility | Index,1. Estimated Travel Time | Number; 2. Euclidean Distance | Distance; 3. Network Distance | Distance; 4. Pedestrian Travel Time | Number; 5. Vehicular Travel Time | Number,NA,1. Socioeconomic heterogeneity | Index; 2. Affluence | Number; 3. Ambient Guardianship | Number; 4. Movement Potential | Number; 5. Through Movement | Number; 6. Activity Nodes | Number; 7. Road Network Configuration | Percentage; 8. Idiosyncratic Farness | Number; 9. Closeness Centrality | Number; 10. Number of dwellings | Number,1. Ethnic-heterogeneity | Index; 2. Socioeconomic heterogeneity | Index; 3. Population turnover | Number; 4. Residential mobility | Index; 5. Affluence | Number; 6. Ambient Guardianship | Number; 7. Movement Potential | Number; 8. Through Movement | Number; 9. Activity Nodes | Number; 10. Estimated Travel Time | Number; 11. Euclidean Distance | Distance; 12. Network Distance | Distance; 13. Road Network Configuration | Percentage; 14. Idiosyncratic Farness | Number; 15. Closeness Centrality | Number; 16. Pedestrian Travel Time | Number; 17. Vehicular Travel Time | Number; 18. Ethnic heterogeneity | Index; 19. Number of dwellings | Number
Situating Crime Pattern Theory Into The Explanation Of Co-Offending: Considering Area-Level Convergence Spaces,1. Population Density | Number; 2. Ethnic Heterogeneity | Index; 3. Population Turnover | Percentage; 4. Population density | Number; 5. Ethnic heterogeneity | Index; 6. Racial/Ethnic Heterogeneity | Index,1. Poverty | Percentage,NA,1. Pedestrian-Oriented Street Density | Distance; 2. Auto-Oriented Street Density | Distance; 3. Auto-oriented street density | Distance; 4. Pedestrian-oriented street density | Distance,1. Spatial Lag Operator | Number,1. Schools | Number; 2. Bars | Number; 3. Transit Stations | Number; 4. Shopping Centers | Number; 5. Solo Crime Rate | Rate,1. Population Density | Number; 2. Ethnic Heterogeneity | Index; 3. Population Turnover | Percentage; 4. Schools | Number; 5. Poverty | Percentage; 6. Population density | Number; 7. Ethnic heterogeneity | Index; 8. Bars | Number; 9. Transit Stations | Number; 10. Shopping Centers | Number; 11. Pedestrian-Oriented Street Density | Distance; 12. Auto-Oriented Street Density | Distance; 13. Auto-oriented street density | Distance; 14. Pedestrian-oriented street density | Distance; 15. Spatial Lag Operator | Number; 16. Solo Crime Rate | Rate; 17. Racial/Ethnic Heterogeneity | Index
Spatial analysis with preference specification of latent decision makers for criminal event prediction,NA,NA,1. FAM.DENSITY | Density,1. D.HIGHWAY | Distance; 2. D.HOSPITAL | Distance; 3. Distance Values | Distance,1. Time | Number,1. P.CARE.PH | Number; 2. Location | Number; 3. Census Data | Number,1. P.CARE.PH | Number; 2. FAM.DENSITY | Density; 3. D.HIGHWAY | Distance; 4. D.HOSPITAL | Distance; 5. Time | Number; 6. Location | Number; 7. Census Data | Number; 8. Distance Values | Distance
TARGET CHOICE DURING EXTREME EVENTS: A DISCRETE SPATIAL CHOICE MODEL OF THE 2011 LONDON RIOTS *,1. Population Churn Rates | Rate; 2. Ethnic Heterogeneity | Index; 3. Age Distribution | Number; 4. Population Density | Number,NA,NA,1. Propinquity | Distance; 2. Transport Hubs | Number; 3. Home-to-crime distance | Distance; 4. Distance to city center | Distance,1. Prior Offenses | Number,1. Number of Schools | Number; 2. Social Disorganization | Number; 3. Index of Multiple Deprivation (IMD) | Index; 4. Routine Activity Nodes | Number; 5. Retail Centers | Number; 6. Schools | Number; 7. River Thames | Number; 8. Presence of underground station | Binary; 9. Thames River barrier | Binary; 10. Contagion measure | Number; 11. Contagion | Number; 12. Discrete Choice Approach | Number; 13. Deprivation | Index; 14. McFadden Pseudo R-squared | Number; 15. 1111/1745-9125.12004 | Number,1. Population Churn Rates | Rate; 2. Ethnic Heterogeneity | Index; 3. Number of Schools | Number; 4. Age Distribution | Number; 5. Propinquity | Distance; 6. Social Disorganization | Number; 7. Index of Multiple Deprivation (IMD) | Index; 8. Routine Activity Nodes | Number; 9. Transport Hubs | Number; 10. Retail Centers | Number; 11. Schools | Number; 12. River Thames | Number; 13. Home-to-crime distance | Distance; 14. Distance to city center | Distance; 15. Presence of underground station | Binary; 16. Thames River barrier | Binary; 17. Contagion measure | Number; 18. Prior Offenses | Number; 19. Contagion | Number; 20. Discrete Choice Approach | Number; 21. Deprivation | Index; 22. Population Density | Number; 23. McFadden Pseudo R-squared | Number; 24. 1111/1745-9125.12004 | Number
Target Selection Models with Preference Variation Between Offenders,1. Ethnicity/race | Number,NA,1. Residential mobility | Percentage; 2. Mean housing repayment | Number,1. City Center Proximity | Distance; 2. Proximity to city center | Distance; 3. Proximity | Distance; 4. Distance to crime | Distance,NA,1. Social cohesion | Number; 2. Collective efficacy | Number; 3. Number of households | Number; 4. Target Vulnerability | Percentage,1. Residential mobility | Percentage; 2. Social cohesion | Number; 3. Ethnicity/race | Number; 4. Collective efficacy | Number; 5. Mean housing repayment | Number; 6. Number of households | Number; 7. Target Vulnerability | Percentage; 8. City Center Proximity | Distance; 9. Proximity to city center | Distance; 10. Proximity | Distance; 11. Distance to crime | Distance
Testing Ecological Theories of Offender Spatial Decision Making Using a Discrete Choice Model,1. Population density | Number; 2. Household size/composition | Number; 3. Population turnover | Percentage,NA,NA,1. City Centers | Distance; 2. Home-to-crime distance | Distance; 3. Distance to city center | Distance,NA,1. Socioeconomic Heterogeneity | Index; 2. Schools | Number; 3. Major Roads | Binary; 4. Train Stations | Binary; 5. Connectivity via major roads | Binary; 6. Adjacency | Binary; 7. Robust Standard Errors | Number; 8. Unit of Analysis | Number; 9. Random Utility Model | Number; 10. Interaction Terms | Number,1. Population density | Number; 2. Household size/composition | Number; 3. Population turnover | Percentage; 4. Socioeconomic Heterogeneity | Index; 5. Schools | Number; 6. City Centers | Distance; 7. Major Roads | Binary; 8. Train Stations | Binary; 9. Home-to-crime distance | Distance; 10. Distance to city center | Distance; 11. Connectivity via major roads | Binary; 12. Adjacency | Binary; 13. Robust Standard Errors | Number; 14. Unit of Analysis | Number; 15. Random Utility Model | Number; 16. Interaction Terms | Number
The Importance of Importance Sampling,NA,NA,NA,NA,1. Day-of-week effects | Binary; 2. Time-of-day effects | Binary,1. Number of households in the SA2 | Number; 2. Number of business units in any industry | Number; 3. Number of business units for industries targeted in commercial robbery | Number; 4. Number of commercial or public business units | Number; 5. Number of households in SA2 | Number; 6. Number of business units for targeted industries | Number; 7. Presence of activity nodes in SA2 | Binary; 8. Year dummies | Binary; 9. Opportunity measures | Number,1. Number of households in the SA2 | Number; 2. Number of business units in any industry | Number; 3. Number of business units for industries targeted in commercial robbery | Number; 4. Number of commercial or public business units | Number; 5. Number of households in SA2 | Number; 6. Number of business units for targeted industries | Number; 7. Presence of activity nodes in SA2 | Binary; 8. Day-of-week effects | Binary; 9. Time-of-day effects | Binary; 10. Year dummies | Binary; 11. Opportunity measures | Number
THE INFLUENCE OF ACTIVITY SPACE AND VISITING FREQUENCY ON CRIME LOCATION CHOICE: FINDINGS FROM AN ONLINE SELF-REPORT SURVEY,1. Gender | Percentage; 2. Age | Number; 3. Residential Population Density | Distance; 4. Median Residential Population | Number; 5. Residential population density | Percentage,NA,1. Employee density | Percentage; 2. Dominant land use function | Binary,1. Employee Density | Distance; 2. Proximity to Residential Area | Binary; 3. Proximity to Activity Nodes | Binary,1. Time of Offense | Number; 2. Spatial Lag | Binary,1. Crime attractors | Binary; 2. Visiting frequency | Rate; 3. Neighbourhood Boundaries | Number,1. Gender | Percentage; 2. Age | Number; 3. Residential Population Density | Distance; 4. Employee Density | Distance; 5. Median Residential Population | Number; 6. Residential population density | Percentage; 7. Employee density | Percentage; 8. Dominant land use function | Binary; 9. Crime attractors | Binary; 10. Visiting frequency | Rate; 11. Proximity to Residential Area | Binary; 12. Proximity to Activity Nodes | Binary; 13. Neighbourhood Boundaries | Number; 14. Time of Offense | Number; 15. Spatial Lag | Binary
The usefulness of past crime data as an attractiveness index for residential burglars,NA,1. Real Estate Value of Residences | Index,1. Number of residential units | Number; 2. Number of Residential Units | Number; 3. Road Structure | Rate; 4. Number of past residential burglaries | Number; 5. Past residential burglary rate | Rate,1. Distance from offender's residence | Distance; 2. Distance from city center | Distance,NA,1. Proportion of foreigners | Percentage; 2. Proportion of newcomers | Percentage; 3. Proportion of single-family dwellings | Percentage; 4. Proportion of Single-Family Dwellings | Percentage; 5. Crime Attractors | Number,1. Proportion of foreigners | Percentage; 2. Proportion of newcomers | Percentage; 3. Number of residential units | Number; 4. Proportion of single-family dwellings | Percentage; 5. Real Estate Value of Residences | Index; 6. Number of Residential Units | Number; 7. Proportion of Single-Family Dwellings | Percentage; 8. Crime Attractors | Number; 9. Road Structure | Rate; 10. Distance from offender's residence | Distance; 11. Distance from city center | Distance; 12. Number of past residential burglaries | Number; 13. Past residential burglary rate | Rate
Traveling Alone or Together? Neighborhood Context on Individual and Group Juvenile and Adult Burglary Decisions,1. Racial/Ethnic Heterogeneity | Index; 2. Percent Black Residents | Percentage; 3. Percent Latino Residents | Percentage,NA,1. Percent Occupied Housing Units | Percentage; 2. Residential Stability | Percentage; 3. Residential Stability | Index,1. Euclidean Distance | Distance; 2. Average Distance Traveled | Distance; 3. Distance Squared | Distance,NA,1. Concentrated Disadvantage | Percentage; 2. Gini Coefficient | Index; 3. Activity spaces | Number; 4. Structural elements | Number; 5. Socially organized areas | Number; 6. Routine activities | Number; 7. Hangouts and loitering hotspots | Number; 8. Concentrated Disadvantage | Rate; 9. Racial Composition | Percentage; 10. Discrete Choice Modeling Framework | Number; 11. Seemingly Unrelated Estimation | Number,1. Racial/Ethnic Heterogeneity | Index; 2. Percent Occupied Housing Units | Percentage; 3. Percent Black Residents | Percentage; 4. Percent Latino Residents | Percentage; 5. Residential Stability | Percentage; 6. Concentrated Disadvantage | Percentage; 7. Gini Coefficient | Index; 8. Activity spaces | Number; 9. Structural elements | Number; 10. Socially organized areas | Number; 11. Routine activities | Number; 12. Hangouts and loitering hotspots | Number; 13. Euclidean Distance | Distance; 14. Average Distance Traveled | Distance; 15. Distance Squared | Distance; 16. Concentrated Disadvantage | Rate; 17. Residential Stability | Index; 18. Racial Composition | Percentage; 19. Discrete Choice Modeling Framework | Number; 20. Seemingly Unrelated Estimation | Number
Where Do Dealers Solicit Customers and Sell Them Drugs? A Micro-Level Multiple Method Study,1. Gender | Percentage; 2. Age | Number; 3. Population Size | Number; 4. Population Distribution | Percentage,NA,1. Physical disorder | Number,1. Potential Customer Density | Distance; 2. Accessibility | Distance; 3. Accessibility of the location | Distance; 4. Average length of street segments | Distance,1. Time of Day | Number; 2. Day of Week | Number,"1. Marital Status | Percentage; 2. Birthplace | Percentage; 3. Education Level | Percentage; 4. Presence of Retail and Entertainment Businesses | Number; 5. Activity Level | Number; 6. Presence of retail and entertainment businesses | Number; 7. General activity level | Number; 8. Bars, clubs, coffeeshops, and smartshops | Number; 9. CCTV cameras | Number; 10. Territoriality | Number; 11. General activity level of the location | Number; 12. Social Control | Number; 13. Social Disorder | Number","1. Gender | Percentage; 2. Age | Number; 3. Marital Status | Percentage; 4. Birthplace | Percentage; 5. Education Level | Percentage; 6. Population Size | Number; 7. Population Distribution | Percentage; 8. Potential Customer Density | Distance; 9. Presence of Retail and Entertainment Businesses | Number; 10. Accessibility | Distance; 11. Activity Level | Number; 12. Presence of retail and entertainment businesses | Number; 13. General activity level | Number; 14. Bars, clubs, coffeeshops, and smartshops | Number; 15. CCTV cameras | Number; 16. Territoriality | Number; 17. Physical disorder | Number; 18. Accessibility of the location | Distance; 19. General activity level of the location | Number; 20. Average length of street segments | Distance; 21. Time of Day | Number; 22. Day of Week | Number; 23. Social Control | Number; 24. Social Disorder | Number"
WHERE OFFENDERS CHOOSE TO ATTACK: A DISCRETE CHOICE MODEL OF ROBBERIES IN CHICAGO*,1. Population size | Number; 2. Racial and ethnic composition | Percentage; 3. Age of offenders | Number; 4. Sex of offenders | Number; 5. Racial and ethnic dissimilarity | Number,1. Retail employment | Density,NA,1. Home-to-crime distance | Distance; 2. Euclidean distance | Distance,1. Time and Place of Incident | Number,"1. Collective efficacy | Index; 2. Presence of illegal markets | Number; 3. Cash-intensive businesses (check-cashing outlets, ATMs, pawn shops, bars) | Number; 4. Deprived areas/cash economies | Number; 5. Check-cashing outlets | Number; 6. Automatic teller machines (ATMs) | Number; 7. Pawn shops | Number; 8. Bars and taverns | Number; 9. Drug markets | Number; 10. Prostitution markets | Number; 11. High schools | Number; 12. Retail activities | Number; 13. Collective efficacy | Number; 14. Adjacency | Binary; 15. Gang territorial dissimilarity | Number; 16. Cross-Validation | Number; 17. Collective Efficacy | Number; 18. Social Barriers | Index; 19. Attractive Targets | Number; 20. 1111/j.  1745-9125.2009.00140.x | Number; 21. pdf | Number","1. Population size | Number; 2. Racial and ethnic composition | Percentage; 3. Collective efficacy | Index; 4. Age of offenders | Number; 5. Sex of offenders | Number; 6. Presence of illegal markets | Number; 7. Cash-intensive businesses (check-cashing outlets, ATMs, pawn shops, bars) | Number; 8. Deprived areas/cash economies | Number; 9. Retail employment | Density; 10. Check-cashing outlets | Number; 11. Automatic teller machines (ATMs) | Number; 12. Pawn shops | Number; 13. Bars and taverns | Number; 14. Drug markets | Number; 15. Prostitution markets | Number; 16. High schools | Number; 17. Retail activities | Number; 18. Collective efficacy | Number; 19. Home-to-crime distance | Distance; 20. Euclidean distance | Distance; 21. Adjacency | Binary; 22. Racial and ethnic dissimilarity | Number; 23. Gang territorial dissimilarity | Number; 24. Time and Place of Incident | Number; 25. Cross-Validation | Number; 26. Collective Efficacy | Number; 27. Social Barriers | Index; 28. Attractive Targets | Number; 29. 1111/j.  1745-9125.2009.00140.x | Number; 30. pdf | Number"
